WAR,batter_name,year_born,연도,연봉(만원)
1.278,가르시아,1985-04-12,2018,"80,000"
0.005,강경학,1992-08-11,2011,
0.053,강경학,1992-08-11,2014,"2,400"
0.010,강경학,1992-08-11,2015,"6,500"
-0.943,강경학,1992-08-11,2016,"6,500"
-0.441,강경학,1992-08-11,2017,"6,200"
1.750,강경학,1992-08-11,2018,"5,800"
-0.048,강구성,1993-06-09,2013,"2,400"
-0.020,강구성,1993-06-09,2015,"2,700"
-0.070,강구성,1993-06-09,2016,"2,700"
0.004,강구성,1993-06-09,2017,"2,700"
-0.023,강구성,1993-06-09,2018,"2,700"
-0.369,백승룡,1982-08-16,2005,
0.048,백승룡,1982-08-16,2006,"2,470"
-0.087,백승룡,1982-08-16,2007,"3,200"
-0.020,백승룡,1982-08-16,2008,"2,700"
-0.127,백승룡,1982-08-16,2011,"2,700"
0.253,백승룡,1982-08-16,2012,"3,000"
0.000,백승룡,1982-08-16,2013,"3,500"
1.226,진갑용,1974-05-08,1997,"2,000"
1.217,진갑용,1974-05-08,1998,"3,200"
-0.168,진갑용,1974-05-08,1999,"3,200"
2.002,진갑용,1974-05-08,2000,"5,000"
2.977,진갑용,1974-05-08,2001,"7,000"
4.592,진갑용,1974-05-08,2002,"9,500"
4.748,진갑용,1974-05-08,2003,"20,000"
4.531,진갑용,1974-05-08,2004,"24,000"
2.961,진갑용,1974-05-08,2005,"24,000"
3.189,진갑용,1974-05-08,2006,"30,000"
2.245,진갑용,1974-05-08,2007,"50,000"
2.438,진갑용,1974-05-08,2008,"50,000"
0.381,진갑용,1974-05-08,2009,"50,000"
2.259,진갑용,1974-05-08,2010,"35,000"
2.565,진갑용,1974-05-08,2011,"35,000"
3.102,진갑용,1974-05-08,2012,"40,000"
1.337,진갑용,1974-05-08,2013,"40,000"
0.051,진갑용,1974-05-08,2014,"25,000"
0.331,진갑용,1974-05-08,2015,"25,000"
-0.169,강민국,1992-01-10,2014,
-0.039,강민국,1992-01-10,2015,"2,700"
-0.387,강민국,1992-01-10,2016,"2,700"
-0.032,강민국,1992-01-10,2018,"2,700"
-0.126,강민호,1985-08-18,2004,
0.207,강민호,1985-08-18,2005,"2,000"
2.629,강민호,1985-08-18,2006,"3,500"
3.316,강민호,1985-08-18,2007,"8,000"
5.372,강민호,1985-08-18,2008,"10,000"
1.796,강민호,1985-08-18,2009,"14,500"
5.040,강민호,1985-08-18,2010,"13,500"
5.385,강민호,1985-08-18,2011,"20,000"
4.996,강민호,1985-08-18,2012,"30,000"
3.092,강민호,1985-08-18,2013,"55,000"
1.684,강민호,1985-08-18,2014,"100,000"
5.154,강민호,1985-08-18,2015,"100,000"
5.024,강민호,1985-08-18,2016,"100,000"
3.383,강민호,1985-08-18,2017,"100,000"
1.992,강민호,1985-08-18,2018,"100,000"
1.437,강백호,1999-07-29,2018,"2,700"
0.002,강병식,1977-04-23,2002,
-0.150,강병식,1977-04-23,2003,"2,500"
-0.025,강병식,1977-04-23,2004,"3,000"
1.063,강병식,1977-04-23,2005,"3,500"
0.595,강병식,1977-04-23,2006,"3,800"
0.381,강병식,1977-04-23,2007,"4,500"
0.627,강병식,1977-04-23,2008,"4,000"
0.206,강병식,1977-04-23,2009,"5,300"
1.413,강병식,1977-04-23,2010,"5,300"
-0.983,강병식,1977-04-23,2011,"8,000"
-0.015,강병식,1977-04-23,2012,"7,000"
0.005,강봉규,1978-01-12,2000,
0.117,강봉규,1978-01-12,2001,"2,000"
0.584,강봉규,1978-01-12,2002,"2,900"
0.116,강봉규,1978-01-12,2003,"4,500"
0.274,강봉규,1978-01-12,2004,"4,000"
0.322,강봉규,1978-01-12,2005,"4,000"
0.285,강봉규,1978-01-12,2006,"4,000"
0.843,강봉규,1978-01-12,2007,"5,400"
0.813,강봉규,1978-01-12,2008,"6,400"
4.441,강봉규,1978-01-12,2009,"6,400"
0.829,강봉규,1978-01-12,2010,"14,400"
0.580,강봉규,1978-01-12,2011,"11,000"
1.114,강봉규,1978-01-12,2012,"15,000"
0.016,강봉규,1978-01-12,2013,"15,000"
-0.094,강봉규,1978-01-12,2015,"7,000"
-0.083,강상원,1997-05-05,2017,"2,700"
-0.012,강상원,1997-05-05,2018,"3,000"
-0.310,강승호,1994-02-09,2016,"2,700"
0.628,강승호,1994-02-09,2017,"3,500"
-0.093,강승호,1994-02-09,2018,"3,500"
-0.231,강정호,1987-04-05,2006,
-0.172,강정호,1987-04-05,2007,"2,000"
2.410,강정호,1987-04-05,2008,"2,000"
3.980,강정호,1987-04-05,2009,"4,400"
4.791,강정호,1987-04-05,2010,"4,400"
3.426,강정호,1987-04-05,2011,"16,000"
8.234,강정호,1987-04-05,2012,"18,000"
5.545,강정호,1987-04-05,2013,"30,000"
7.557,강정호,1987-04-05,2014,"30,000"
0.100,강진성,1993-10-19,2013,"2,400"
0.215,강진성,1993-10-19,2017,"2,700"
-0.325,강진성,1993-10-19,2018,"3,000"
-0.362,강한울,1991-09-12,2014,"2,400"
-0.945,강한울,1991-09-12,2015,"6,000"
-0.058,강한울,1991-09-12,2016,"6,000"
1.597,강한울,1991-09-12,2017,"9,000"
-0.172,강한울,1991-09-12,2018,"15,500"
-0.013,고도현,1990-10-13,2013,
-0.032,고도현,1990-10-13,2014,"2,400"
1.633,고동진,1980-04-01,2004,
0.201,고동진,1980-04-01,2005,"3,400"
0.775,고동진,1980-04-01,2006,"4,500"
1.340,고동진,1980-04-01,2007,"8,000"
-0.248,고동진,1980-04-01,2008,"10,000"
0.656,고동진,1980-04-01,2011,"6,000"
1.180,고동진,1980-04-01,2012,"7,000"
0.447,고동진,1980-04-01,2013,"8,000"
-0.282,고동진,1980-04-01,2014,"10,000"
-0.725,고동진,1980-04-01,2015,"8,000"
2.287,고메즈,1988-03-05,2016,"65,000"
-0.044,고명성,1999-04-16,2018,"2,700"
-0.177,고영민,1984-02-08,2002,
-0.050,고영민,1984-02-08,2003,"2,000"
-0.194,고영민,1984-02-08,2005,"2,100"
2.260,고영민,1984-02-08,2006,"2,100"
4.908,고영민,1984-02-08,2007,"4,200"
4.645,고영민,1984-02-08,2008,"12,000"
1.262,고영민,1984-02-08,2009,"16,000"
0.741,고영민,1984-02-08,2010,"13,500"
0.198,고영민,1984-02-08,2011,"9,500"
1.247,고영민,1984-02-08,2012,"8,000"
0.221,고영민,1984-02-08,2013,"7,500"
0.267,고영민,1984-02-08,2014,"7,500"
0.621,고영민,1984-02-08,2015,"15,000"
0.050,고영민,1984-02-08,2016,"15,000"
-0.398,이종환,1986-05-08,2010,
0.260,이종환,1986-05-08,2012,
0.517,이종환,1986-05-08,2013,"3,000"
0.111,이종환,1986-05-08,2014,"3,600"
-0.364,이종환,1986-05-08,2015,"3,600"
-0.176,이종환,1986-05-08,2016,"6,200"
-0.053,이종환,1986-05-08,2017,"6,000"
0.297,고종욱,1989-01-11,2011,
-0.258,고종욱,1989-01-11,2014,"2,900"
1.456,고종욱,1989-01-11,2015,"7,700"
1.878,고종욱,1989-01-11,2016,"7,700"
1.473,고종욱,1989-01-11,2017,"12,000"
-0.544,고종욱,1989-01-11,2018,"11,000"
5.270,구자욱,1993-02-12,2015,"8,000"
4.193,구자욱,1993-02-12,2016,"8,000"
5.260,구자욱,1993-02-12,2017,"16,000"
3.907,구자욱,1993-02-12,2018,"25,000"
-0.128,국해성,1989-10-08,2012,"2,400"
0.096,국해성,1989-10-08,2015,"3,000"
0.543,국해성,1989-10-08,2016,"3,000"
-0.182,국해성,1989-10-08,2017,"5,000"
0.167,국해성,1989-10-08,2018,"5,000"
7.505,박재홍,1973-09-07,1996,
6.647,박재홍,1973-09-07,1997,"5,000"
5.235,박재홍,1973-09-07,1998,"7,000"
4.055,박재홍,1973-09-07,1999,"10,000"
6.752,박재홍,1973-09-07,2000,"13,000"
2.185,박재홍,1973-09-07,2001,"22,000"
3.123,박재홍,1973-09-07,2002,"22,000"
4.033,박재홍,1973-09-07,2003,"27,000"
1.085,박재홍,1973-09-07,2004,"33,000"
5.506,박재홍,1973-09-07,2005,"28,000"
4.799,박재홍,1973-09-07,2006,"40,000"
2.984,박재홍,1973-09-07,2007,"40,000"
5.341,박재홍,1973-09-07,2008,"40,000"
1.670,박재홍,1973-09-07,2009,"40,000"
0.127,박재홍,1973-09-07,2010,"40,000"
-1.152,박재홍,1973-09-07,2011,"40,000"
0.753,박재홍,1973-09-07,2012,"20,000"
-0.378,권용관,1976-11-19,1996,
-0.105,권용관,1976-11-19,1997,"2,000"
0.000,권용관,1976-11-19,2000,"2,000"
0.623,권용관,1976-11-19,2001,"2,000"
-0.323,권용관,1976-11-19,2002,"3,200"
-0.860,권용관,1976-11-19,2003,"6,500"
0.890,권용관,1976-11-19,2004,"6,000"
0.817,권용관,1976-11-19,2005,"7,000"
0.448,권용관,1976-11-19,2006,"7,000"
1.002,권용관,1976-11-19,2007,"6,500"
-0.342,권용관,1976-11-19,2008,"8,600"
0.704,권용관,1976-11-19,2009,"7,800"
-0.031,권용관,1976-11-19,2010,"7,800"
0.073,권용관,1976-11-19,2011,"7,600"
-0.025,권용관,1976-11-19,2012,"6,600"
0.564,권용관,1976-11-19,2013,"5,500"
-0.256,권용관,1976-11-19,2014,"8,000"
-2.239,권용관,1976-11-19,2015,"8,000"
-0.064,권용관,1976-11-19,2016,"8,000"
0.068,권정웅,1992-11-15,2016,"2,700"
0.191,권정웅,1992-11-15,2017,"3,000"
-0.196,권정웅,1992-11-15,2018,"4,500"
0.229,권희동,1990-12-30,2013,
1.176,권희동,1990-12-30,2014,"5,100"
0.050,권희동,1990-12-30,2016,"5,100"
3.488,권희동,1990-12-30,2017,"6,800"
1.033,권희동,1990-12-30,2018,"13,000"
-0.042,김강민,1982-09-13,2002,"1,800"
0.064,김강민,1982-09-13,2003,"1,800"
-0.127,김강민,1982-09-13,2004,"2,000"
-0.180,김강민,1982-09-13,2005,"2,200"
0.674,김강민,1982-09-13,2006,"2,400"
1.176,김강민,1982-09-13,2007,"3,400"
1.959,김강민,1982-09-13,2008,"7,000"
1.338,김강민,1982-09-13,2009,"9,500"
3.432,김강민,1982-09-13,2010,"12,000"
1.896,김강민,1982-09-13,2011,"20,000"
1.881,김강민,1982-09-13,2012,"19,000"
3.347,김강민,1982-09-13,2013,"20,000"
4.665,김강민,1982-09-13,2014,"30,000"
1.990,김강민,1982-09-13,2015,"60,000"
2.476,김강민,1982-09-13,2016,"60,000"
0.059,김강민,1982-09-13,2017,"60,000"
1.511,김강민,1982-09-13,2018,"60,000"
0.005,김경모,1989-06-15,2008,
-0.127,김경모,1989-06-15,2012,"2,500"
0.155,김경언,1982-12-07,2001,
1.401,김경언,1982-12-07,2002,"2,500"
0.443,김경언,1982-12-07,2003,"4,300"
0.144,김경언,1982-12-07,2004,"6,500"
0.544,김경언,1982-12-07,2005,"5,000"
-0.375,김경언,1982-12-07,2006,"5,500"
-0.183,김경언,1982-12-07,2008,"3,800"
0.029,김경언,1982-12-07,2009,"3,300"
0.630,김경언,1982-12-07,2010,"3,300"
0.515,김경언,1982-12-07,2011,"3,500"
1.731,김경언,1982-12-07,2012,"4,000"
1.087,김경언,1982-12-07,2013,"5,000"
0.939,김경언,1982-12-07,2014,"5,800"
2.671,김경언,1982-12-07,2015,"20,000"
0.084,김경언,1982-12-07,2016,"20,000"
0.174,김경언,1982-12-07,2017,"20,000"
0.209,김광연,1991-11-13,2013,
-0.231,김광연,1991-11-13,2014,"2,600"
-0.135,김규민,1993-01-26,2017,"2,700"
0.610,김규민,1993-01-26,2018,"2,900"
-0.093,박재상,1982-07-20,2001,
-0.480,박재상,1982-07-20,2005,"2,000"
0.544,박재상,1982-07-20,2006,"2,200"
2.527,박재상,1982-07-20,2007,"3,200"
1.406,박재상,1982-07-20,2008,"7,000"
3.349,박재상,1982-07-20,2009,"10,000"
0.778,박재상,1982-07-20,2010,"16,000"
1.192,박재상,1982-07-20,2011,"17,000"
-0.297,박재상,1982-07-20,2012,"16,000"
1.059,박재상,1982-07-20,2013,"14,000"
-0.098,박재상,1982-07-20,2014,"16,000"
0.137,박재상,1982-07-20,2015,"20,000"
0.088,박재상,1982-07-20,2016,"20,000"
-0.371,김대륙,1992-04-03,2015,"3,200"
-0.211,김대륙,1992-04-03,2016,"3,200"
-0.711,김대륙,1992-04-03,2017,"3,400"
-0.115,문선재,1990-05-20,2010,
0.195,문선재,1990-05-20,2013,"2,500"
-0.078,문선재,1990-05-20,2014,"7,500"
-0.995,문선재,1990-05-20,2015,"6,500"
1.174,문선재,1990-05-20,2016,"6,500"
0.249,문선재,1990-05-20,2017,"8,000"
-0.216,문선재,1990-05-20,2018,"7,000"
0.461,김동엽,1990-07-24,2016,"2,700"
1.526,김동엽,1990-07-24,2017,"4,700"
-0.123,김동엽,1990-07-24,2018,"11,500"
3.373,김동주,1976-02-03,1998,
4.936,김동주,1976-02-03,1999,"4,000"
7.278,김동주,1976-02-03,2000,"6,200"
2.756,김동주,1976-02-03,2001,"12,500"
6.126,김동주,1976-02-03,2002,"16,500"
5.610,김동주,1976-02-03,2003,"22,500"
5.053,김동주,1976-02-03,2004,"30,000"
3.944,김동주,1976-02-03,2005,"32,000"
0.636,김동주,1976-02-03,2006,"42,000"
7.415,김동주,1976-02-03,2007,"42,000"
5.177,김동주,1976-02-03,2008,"70,000"
5.759,김동주,1976-02-03,2009,"70,000"
3.207,김동주,1976-02-03,2010,"70,000"
3.444,김동주,1976-02-03,2011,"70,000"
1.248,김동주,1976-02-03,2012,"70,000"
0.388,김동주,1976-02-03,2013,"70,000"
0.112,김동한,1988-06-24,2012,"2,400"
0.501,김동한,1988-06-24,2013,"2,500"
-0.662,김동한,1988-06-24,2016,"2,500"
-0.118,김동한,1988-06-24,2017,"3,800"
-0.455,김동한,1988-06-24,2018,"6,300"
-0.026,김만수,1996-04-18,2016,"2,900"
-0.086,김만수,1996-04-18,2017,"3,000"
0.089,김문호,1987-06-22,2006,
0.051,김문호,1987-06-22,2007,"2,300"
0.080,김문호,1987-06-22,2008,"2,400"
-0.063,김문호,1987-06-22,2011,"2,400"
-0.151,김문호,1987-06-22,2012,"2,600"
0.491,김문호,1987-06-22,2013,"3,500"
-0.034,김문호,1987-06-22,2014,"4,000"
0.744,김문호,1987-06-22,2015,"7,000"
2.342,김문호,1987-06-22,2016,"7,000"
0.310,김문호,1987-06-22,2017,"14,000"
-0.310,김문호,1987-06-22,2018,"15,000"
0.005,김민성,1988-12-17,2007,
-0.082,김민성,1988-12-17,2008,"2,100"
0.857,김민성,1988-12-17,2009,"2,300"
-0.080,김민성,1988-12-17,2010,"2,300"
0.559,김민성,1988-12-17,2011,"5,500"
1.572,김민성,1988-12-17,2012,"7,500"
3.722,김민성,1988-12-17,2013,"8,500"
2.525,김민성,1988-12-17,2014,"18,000"
1.946,김민성,1988-12-17,2015,"22,000"
3.654,김민성,1988-12-17,2016,"22,000"
3.047,김민성,1988-12-17,2017,"37,000"
1.722,김민성,1988-12-17,2018,"35,000"
-0.751,김민수,1991-03-02,2014,
-0.168,김민수,1991-03-02,2017,"3,000"
-0.038,김민수,1991-03-02,2018,"3,300"
-0.187,김민식,1989-06-28,2015,"3,000"
0.729,김민식,1989-06-28,2016,"3,000"
-0.447,김민식,1989-06-28,2017,"3,000"
0.941,김민식,1989-06-28,2018,"15,000"
0.028,홍성갑,1992-08-02,2014,
-0.020,홍성갑,1992-08-02,2015,"3,200"
-0.287,홍성갑,1992-08-02,2016,"3,200"
-0.047,홍성갑,1992-08-02,2017,"3,600"
-0.178,홍성갑,1992-08-02,2018,"3,000"
0.010,김민하,1989-02-25,2011,
0.233,김민하,1989-02-25,2014,"2,400"
0.630,김민하,1989-02-25,2015,"4,000"
-0.250,김민하,1989-02-25,2016,"4,000"
-0.151,김민하,1989-02-25,2018,"3,200"
0.046,김사훈,1987-06-18,2012,
-0.170,김사훈,1987-06-18,2013,"2,700"
-0.005,김사훈,1987-06-18,2014,"2,900"
-0.048,김사훈,1987-06-18,2016,"2,900"
-0.528,김사훈,1987-06-18,2017,"2,900"
-0.571,김사훈,1987-06-18,2018,"4,000"
0.554,김상수,1990-03-23,2009,"2,200"
1.383,김상수,1990-03-23,2010,"3,500"
3.318,김상수,1990-03-23,2011,"7,000"
3.117,김상수,1990-03-23,2012,"12,500"
3.062,김상수,1990-03-23,2013,"17,000"
3.347,김상수,1990-03-23,2014,"24,000"
2.732,김상수,1990-03-23,2015,"31,000"
-0.198,김상수,1990-03-23,2016,"31,000"
0.022,김상수,1990-03-23,2017,"31,000"
1.039,김상수,1990-03-23,2018,"24,000"
-0.085,신현철,1987-11-02,2011,"2,400"
-0.022,신현철,1987-11-02,2012,"2,400"
-0.052,신현철,1987-11-02,2013,"2,600"
-0.200,신현철,1987-11-02,2014,"2,600"
0.142,신현철,1987-11-02,2016,"3,000"
-0.029,김상호,1989-05-10,2012,
-0.169,김상호,1989-05-10,2013,
0.125,김상호,1989-05-10,2016,"2,800"
-0.476,김상호,1989-05-10,2017,"6,000"
-0.331,김연훈,1984-12-23,2007,
-0.445,김연훈,1984-12-23,2008,
0.663,김연훈,1984-12-23,2009,"2,500"
-0.254,김연훈,1984-12-23,2010,"5,000"
-0.826,김연훈,1984-12-23,2011,"7,000"
-0.073,김연훈,1984-12-23,2015,"7,000"
-0.823,김연훈,1984-12-23,2016,"4,700"
-0.335,김연훈,1984-12-23,2017,"4,100"
0.527,김선빈,1989-12-18,2008,
0.777,김선빈,1989-12-18,2009,"3,500"
2.269,김선빈,1989-12-18,2010,"4,500"
2.960,김선빈,1989-12-18,2011,"7,000"
3.878,김선빈,1989-12-18,2012,"11,000"
2.276,김선빈,1989-12-18,2013,"18,000"
0.213,김선빈,1989-12-18,2014,"13,000"
0.284,김선빈,1989-12-18,2016,"13,000"
5.047,김선빈,1989-12-18,2017,"8,000"
1.527,김선빈,1989-12-18,2018,"28,000"
-0.020,김성욱,1993-05-01,2013,"2,400"
0.108,김성욱,1993-05-01,2014,"2,500"
0.945,김성욱,1993-05-01,2015,"5,500"
1.378,김성욱,1993-05-01,2016,"5,500"
0.914,김성욱,1993-05-01,2017,"10,000"
2.149,김성욱,1993-05-01,2018,"10,500"
0.059,김성현,1987-03-09,2006,
-0.042,김성현,1987-03-09,2007,"2,000"
-0.034,김성현,1987-03-09,2008,"2,000"
-0.201,김성현,1987-03-09,2011,"2,400"
0.940,김성현,1987-03-09,2012,"2,400"
-0.018,김성현,1987-03-09,2013,"5,000"
2.681,김성현,1987-03-09,2014,"7,000"
1.410,김성현,1987-03-09,2015,"18,000"
2.639,김성현,1987-03-09,2016,"18,000"
0.863,김성현,1987-03-09,2017,"28,000"
0.698,김성현,1987-03-09,2018,"25,000"
1.042,김성훈,1993-10-27,2017,"2,700"
0.277,김성훈,1993-10-27,2018,"4,700"
0.429,연경흠,1983-09-14,2006,
0.181,연경흠,1983-09-14,2007,"3,500"
0.515,연경흠,1983-09-14,2008,"4,000"
0.990,연경흠,1983-09-14,2009,"4,000"
-0.141,연경흠,1983-09-14,2012,"5,000"
-0.144,연경흠,1983-09-14,2013,"5,000"
-0.007,김용의,1985-08-20,2008,
-0.220,김용의,1985-08-20,2012,"2,400"
0.910,김용의,1985-08-20,2013,"5,000"
-0.388,김용의,1985-08-20,2014,"10,000"
-0.367,김용의,1985-08-20,2015,"6,000"
1.979,김용의,1985-08-20,2016,"6,000"
0.199,김용의,1985-08-20,2017,"12,000"
-0.668,김용의,1985-08-20,2018,"9,000"
-0.048,김원석,1989-10-29,2016,"3,000"
0.209,김원석,1989-10-29,2017,"3,000"
-0.148,김원섭,1978-12-18,2001,
0.051,김원섭,1978-12-18,2003,
-0.184,김원섭,1978-12-18,2004,"2,300"
-0.445,김원섭,1978-12-18,2005,"2,800"
1.412,김원섭,1978-12-18,2006,"2,800"
0.651,김원섭,1978-12-18,2007,"5,300"
2.765,김원섭,1978-12-18,2008,"4,700"
3.616,김원섭,1978-12-18,2009,"9,000"
0.747,김원섭,1978-12-18,2010,"17,000"
0.820,김원섭,1978-12-18,2011,"14,000"
3.807,김원섭,1978-12-18,2012,"13,000"
0.236,김원섭,1978-12-18,2013,"25,000"
0.023,김원섭,1978-12-18,2014,"25,000"
1.448,김원섭,1978-12-18,2015,"15,000"
0.008,김원섭,1978-12-18,2016,"15,000"
0.029,김응민,1991-10-22,2014,"2,400"
0.111,김응민,1991-10-22,2015,"2,400"
-0.024,김응민,1991-10-22,2018,"3,000"
-0.272,김인태,1994-07-03,2016,"2,800"
-0.148,김인태,1994-07-03,2017,"3,000"
0.011,김인태,1994-07-03,2018,"3,200"
-0.093,김재민,1991-01-28,2013,
-0.294,김재민,1991-01-28,2014,"3,000"
-0.053,김재성,1996-10-30,2015,"2,700"
0.062,김재율,1989-01-14,2011,
-0.312,김재율,1989-01-14,2012,
-0.140,김재율,1989-01-14,2015,"2,900"
0.777,김재율,1989-01-14,2017,"2,900"
0.016,김재율,1989-01-14,2018,"6,800"
0.011,김재현,1991-08-30,2014,"2,400"
-0.184,김재현,1991-08-30,2015,"4,500"
-1.359,김재현,1991-08-30,2016,"4,500"
0.011,김재현,1991-08-30,2018,"4,500"
-0.212,김재호,1985-03-21,2004,
0.155,김재호,1985-03-21,2005,"2,300"
1.385,김재호,1985-03-21,2008,"2,600"
0.544,김재호,1985-03-21,2009,"4,400"
0.361,김재호,1985-03-21,2010,"5,400"
-0.315,김재호,1985-03-21,2011,"5,200"
0.104,김재호,1985-03-21,2012,"5,700"
1.997,김재호,1985-03-21,2013,"7,000"
0.980,김재호,1985-03-21,2014,"11,700"
3.604,김재호,1985-03-21,2015,"41,000"
4.409,김재호,1985-03-21,2016,"41,000"
2.739,김재호,1985-03-21,2017,"65,000"
3.568,김재호,1985-03-21,2018,"65,000"
-0.342,김재환,1988-09-22,2008,
-0.275,김재환,1988-09-22,2011,"2,400"
-0.086,김재환,1988-09-22,2012,"2,600"
0.751,김재환,1988-09-22,2014,"2,700"
0.589,김재환,1988-09-22,2015,"5,000"
5.365,김재환,1988-09-22,2016,"5,000"
7.369,김재환,1988-09-22,2017,"20,000"
6.246,김재환,1988-09-22,2018,"47,000"
6.380,나바로,1987-10-31,2014,"25,000"
6.688,나바로,1987-10-31,2015,"70,000"
0.034,김종덕,1993-05-12,2018,"2,700"
-0.093,김종찬,1987-07-22,2013,"2,400"
-0.023,김종호,1984-05-31,2011,"2,800"
0.059,김종호,1984-05-31,2012,"2,800"
2.745,김종호,1984-05-31,2013,"3,000"
-0.060,김종호,1984-05-31,2014,"9,000"
2.631,김종호,1984-05-31,2015,"17,500"
0.403,김종호,1984-05-31,2016,"17,500"
0.027,김종호,1984-05-31,2017,"15,000"
0.357,김주찬,1981-03-25,2000,
1.807,김주찬,1981-03-25,2001,"2,300"
-0.446,김주찬,1981-03-25,2002,"4,100"
-0.913,김주찬,1981-03-25,2003,"4,600"
2.068,김주찬,1981-03-25,2004,"4,000"
0.568,김주찬,1981-03-25,2007,"4,000"
3.076,김주찬,1981-03-25,2008,"6,600"
2.260,김주찬,1981-03-25,2009,"10,500"
1.296,김주찬,1981-03-25,2010,"15,000"
2.396,김주찬,1981-03-25,2011,"17,000"
2.880,김주찬,1981-03-25,2012,"27,000"
1.322,김주찬,1981-03-25,2013,"50,000"
2.974,김주찬,1981-03-25,2014,"50,000"
3.164,김주찬,1981-03-25,2015,"50,000"
4.271,김주찬,1981-03-25,2016,"50,000"
2.342,김주찬,1981-03-25,2017,"60,000"
2.328,김주찬,1981-03-25,2018,"40,000"
-0.404,김주형,1985-12-15,2004,
-0.451,김주형,1985-12-15,2005,"2,200"
0.443,김주형,1985-12-15,2006,"2,200"
0.339,김주형,1985-12-15,2007,"2,500"
-0.028,김주형,1985-12-15,2008,"2,500"
-0.661,김주형,1985-12-15,2011,"2,500"
-0.918,김주형,1985-12-15,2012,"4,500"
0.221,김주형,1985-12-15,2013,"3,500"
-0.113,김주형,1985-12-15,2014,"6,100"
-0.831,김주형,1985-12-15,2015,"5,500"
1.626,김주형,1985-12-15,2016,"5,500"
-0.775,김주형,1985-12-15,2017,"11,000"
-0.144,김주형,1985-12-15,2018,"7,500"
-0.090,김지수,1986-08-23,2009,
-0.077,김지수,1986-08-23,2010,
0.158,김지수,1986-08-23,2013,"2,400"
-0.107,김지수,1986-08-23,2014,"3,500"
-0.566,김지수,1986-08-23,2015,"5,500"
0.624,김지수,1986-08-23,2016,"5,500"
-0.487,김지수,1986-08-23,2017,"6,200"
-0.308,김지수,1986-08-23,2018,"6,200"
-0.972,김진곤,1987-09-10,2015,"3,500"
-0.168,김진곤,1987-09-10,2016,"3,500"
0.219,김진곤,1987-09-10,2017,"3,000"
-0.333,김진곤,1987-09-10,2018,"3,300"
0.004,김철호,1998-02-06,2018,"2,700"
4.328,김태균,1982-05-29,2001,
0.654,김태균,1982-05-29,2002,"4,000"
6.004,김태균,1982-05-29,2003,"3,500"
5.148,김태균,1982-05-29,2004,"10,500"
5.097,김태균,1982-05-29,2005,"15,500"
4.412,김태균,1982-05-29,2006,"24,000"
4.480,김태균,1982-05-29,2007,"31,000"
6.136,김태균,1982-05-29,2008,"29,000"
3.177,김태균,1982-05-29,2009,"42,000"
6.969,김태균,1982-05-29,2012,"150,000"
3.684,김태균,1982-05-29,2013,"150,000"
4.954,김태균,1982-05-29,2014,"150,000"
5.196,김태균,1982-05-29,2015,"160,000"
5.205,김태균,1982-05-29,2016,"160,000"
2.460,김태균,1982-05-29,2017,"160,000"
0.436,김태균,1982-05-29,2018,"160,000"
-0.520,김태연,1997-06-10,2017,"2,700"
-0.148,김태연,1997-06-10,2018,"3,000"
0.067,김태완,1984-01-27,2006,
0.313,김태완,1984-01-27,2007,"2,200"
2.436,김태완,1984-01-27,2008,"3,000"
4.034,김태완,1984-01-27,2009,"6,000"
2.542,김태완,1984-01-27,2010,"10,000"
0.608,김태완,1984-01-27,2013,"14,000"
0.086,김태완,1984-01-27,2014,"10,000"
-0.138,김태완,1984-01-27,2015,"8,000"
0.309,김태완,1984-01-27,2016,"8,000"
0.523,김태완,1984-01-27,2017,"5,000"
-0.451,김태완,1984-01-27,2018,"6,000"
-0.079,김태진,1995-10-07,2015,"3,000"
0.032,김태진,1995-10-07,2016,"3,000"
-0.028,김태진,1995-10-07,2018,"3,000"
0.048,김하성,1995-10-17,2014,"2,400"
5.905,김하성,1995-10-17,2015,"16,000"
3.842,김하성,1995-10-17,2016,"16,000"
5.338,김하성,1995-10-17,2017,"22,000"
4.395,김하성,1995-10-17,2018,"32,000"
-0.205,김헌곤,1988-11-09,2011,
-0.226,김헌곤,1988-11-09,2012,"2,500"
-0.073,김헌곤,1988-11-09,2013,"2,500"
0.705,김헌곤,1988-11-09,2014,"2,500"
0.281,김헌곤,1988-11-09,2017,"5,000"
1.691,김헌곤,1988-11-09,2018,"8,500"
-0.022,김현수,1988-01-12,2006,
1.616,김현수,1988-01-12,2007,"2,000"
7.137,김현수,1988-01-12,2008,"4,200"
6.882,김현수,1988-01-12,2009,"12,600"
5.239,김현수,1988-01-12,2010,"25,200"
4.199,김현수,1988-01-12,2011,"27,000"
2.761,김현수,1988-01-12,2012,"30,000"
3.403,김현수,1988-01-12,2013,"31,000"
3.987,김현수,1988-01-12,2014,"45,000"
6.023,김현수,1988-01-12,2015,"75,000"
5.561,김현수,1988-01-12,2018,"140,000"
-0.517,김형준,1999-11-02,2018,"2,700"
-0.096,김혜성,1999-01-27,2017,"2,700"
1.301,김혜성,1999-01-27,2018,"2,900"
-0.144,김회성,1985-12-04,2009,
-0.307,김회성,1985-12-04,2010,"2,400"
-0.010,김회성,1985-12-04,2011,"2,400"
0.331,김회성,1985-12-04,2014,"3,400"
1.676,김회성,1985-12-04,2015,"5,500"
-0.117,김회성,1985-12-04,2016,"5,500"
0.145,김회성,1985-12-04,2017,"5,500"
0.462,김회성,1985-12-04,2018,"5,800"
-0.213,나경민,1991-12-12,2016,"2,700"
-0.026,나경민,1991-12-12,2017,"3,600"
0.349,나경민,1991-12-12,2018,"5,800"
2.532,나성범,1989-10-03,2013,"4,000"
6.383,나성범,1989-10-03,2014,"7,500"
5.739,나성범,1989-10-03,2015,"30,000"
4.857,나성범,1989-10-03,2016,"30,000"
6.648,나성범,1989-10-03,2017,"35,000"
5.429,나성범,1989-10-03,2018,"43,000"
0.257,나성용,1988-01-05,2011,
-0.012,나성용,1988-01-05,2015,
-0.135,나성용,1988-01-05,2016,"3,700"
-0.185,나성용,1988-01-05,2017,"3,900"
-0.087,나원탁,1994-08-20,2017,"2,700"
-0.349,나원탁,1994-08-20,2018,"2,800"
-0.164,나종덕,1998-03-16,2017,"2,700"
-1.616,나종덕,1998-03-16,2018,"2,800"
-0.377,나주환,1984-06-14,2003,
0.470,나주환,1984-06-14,2004,"2,600"
0.451,나주환,1984-06-14,2005,"3,300"
0.289,나주환,1984-06-14,2006,"5,300"
0.573,나주환,1984-06-14,2007,"5,300"
1.186,나주환,1984-06-14,2008,"8,700"
2.694,나주환,1984-06-14,2009,"12,000"
1.646,나주환,1984-06-14,2010,"17,000"
-0.362,나주환,1984-06-14,2013,"17,000"
0.835,나주환,1984-06-14,2014,"20,000"
-0.139,나주환,1984-06-14,2015,"20,000"
0.320,나주환,1984-06-14,2016,"20,000"
1.647,나주환,1984-06-14,2017,"15,000"
1.271,나주환,1984-06-14,2018,"30,000"
1.838,나지완,1985-05-19,2008,
2.360,나지완,1985-05-19,2009,"3,800"
0.540,나지완,1985-05-19,2010,"10,000"
2.590,나지완,1985-05-19,2011,"9,000"
3.171,나지완,1985-05-19,2012,"12,500"
4.230,나지완,1985-05-19,2013,"15,000"
2.376,나지완,1985-05-19,2014,"20,000"
-0.144,나지완,1985-05-19,2015,"20,000"
3.695,나지완,1985-05-19,2016,"20,000"
3.457,나지완,1985-05-19,2017,"60,000"
2.458,나지완,1985-05-19,2018,"60,000"
-0.416,남태혁,1991-03-13,2016,"2,700"
-0.109,남태혁,1991-03-13,2017,"3,000"
-0.157,남태혁,1991-03-13,2018,"3,300"
0.004,노수광,1990-08-06,2014,"2,400"
-0.229,노수광,1990-08-06,2015,"3,000"
1.359,노수광,1990-08-06,2016,"3,000"
1.180,노수광,1990-08-06,2017,"3,000"
3.046,노수광,1990-08-06,2018,"13,000"
0.270,노진혁,1989-07-15,2013,"2,400"
-0.054,노진혁,1989-07-15,2014,"4,800"
-0.515,노진혁,1989-07-15,2015,"4,300"
0.144,노진혁,1989-07-15,2017,"4,300"
1.646,노진혁,1989-07-15,2018,"4,300"
3.311,대니돈,1984-07-20,2016,"60,000"
-0.557,대니돈,1984-07-20,2017,"65,000"
-0.088,도태훈,1993-03-18,2016,"2,700"
-0.233,도태훈,1993-03-18,2017,"2,700"
0.156,도태훈,1993-03-18,2018,"3,000"
3.534,러프,1986-07-28,2017,"110,000"
5.484,러프,1986-07-28,2018,"140,000"
1.756,로맥,1985-09-30,2017,"30,000"
5.362,로맥,1985-09-30,2018,"50,000"
0.471,로메로,1986-09-24,2015,"10,000"
2.893,로사리오,1989-02-23,2016,"100,000"
5.015,로사리오,1989-02-23,2017,"150,000"
1.493,로티노,1980-04-07,2014,"27,000"
2.403,로하스,1990-05-24,2017,
5.992,로하스,1990-05-24,2018,"80,000"
0.056,류지혁,1994-01-13,2012,
0.142,류지혁,1994-01-13,2015,"3,000"
1.218,류지혁,1994-01-13,2016,"3,000"
0.237,류지혁,1994-01-13,2017,"5,700"
0.865,류지혁,1994-01-13,2018,"9,500"
0.004,마낙길,1989-06-22,2013,"2,600"
0.012,마낙길,1989-06-22,2014,"2,600"
-0.045,마낙길,1989-06-22,2015,"2,700"
-0.121,모상기,1987-01-03,2008,"2,300"
-0.036,모상기,1987-01-03,2011,"2,400"
-0.269,모상기,1987-01-03,2012,"3,500"
-0.076,모상기,1987-01-03,2013,"3,300"
-0.207,모상기,1987-01-03,2015,"2,800"
-0.444,모창민,1985-05-08,2008,
0.019,모창민,1985-05-08,2009,"3,500"
-0.420,모창민,1985-05-08,2010,"4,200"
0.063,모창민,1985-05-08,2012,"4,200"
3.220,모창민,1985-05-08,2013,"4,200"
1.255,모창민,1985-05-08,2014,"8,600"
0.436,모창민,1985-05-08,2015,"12,500"
1.074,모창민,1985-05-08,2016,"12,500"
2.207,모창민,1985-05-08,2017,"11,700"
0.570,모창민,1985-05-08,2018,"18,500"
-0.023,문규현,1983-07-05,2002,
-0.071,문규현,1983-07-05,2003,"1,900"
-0.112,문규현,1983-07-05,2004,"2,000"
-0.349,문규현,1983-07-05,2007,"2,000"
-0.111,문규현,1983-07-05,2009,"2,000"
0.365,문규현,1983-07-05,2010,"2,600"
1.097,문규현,1983-07-05,2011,"4,200"
-0.560,문규현,1983-07-05,2012,"8,400"
0.111,문규현,1983-07-05,2013,"9,000"
1.307,문규현,1983-07-05,2014,"6,800"
-0.162,문규현,1983-07-05,2015,"3,000"
1.070,문규현,1983-07-05,2016,"3,000"
-0.402,문규현,1983-07-05,2017,"12,000"
0.357,문규현,1983-07-05,2018,"18,000"
-0.048,문우람,1992-03-08,2012,
1.639,문우람,1992-03-08,2013,"3,000"
1.692,문우람,1992-03-08,2014,"6,200"
0.077,문우람,1992-03-08,2015,"9,000"
-0.060,민병헌,1987-03-10,2006,
0.832,민병헌,1987-03-10,2007,"2,500"
-0.348,민병헌,1987-03-10,2008,"5,200"
0.197,민병헌,1987-03-10,2009,"4,200"
0.287,민병헌,1987-03-10,2010,"5,800"
-0.189,민병헌,1987-03-10,2012,"5,800"
3.782,민병헌,1987-03-10,2013,"5,200"
4.541,민병헌,1987-03-10,2014,"14,500"
3.316,민병헌,1987-03-10,2015,"35,000"
4.038,민병헌,1987-03-10,2016,"35,000"
2.952,민병헌,1987-03-10,2017,"55,000"
2.813,민병헌,1987-03-10,2018,"100,000"
-0.041,박건우,1990-09-08,2009,
-0.070,박건우,1990-09-08,2013,"2,500"
-0.162,박건우,1990-09-08,2014,"3,100"
1.343,박건우,1990-09-08,2015,"7,000"
4.709,박건우,1990-09-08,2016,"7,000"
6.805,박건우,1990-09-08,2017,"19,500"
3.399,박건우,1990-09-08,2018,"37,000"
0.430,박경수,1984-03-31,2003,
2.121,박경수,1984-03-31,2004,"3,200"
-0.105,박경수,1984-03-31,2005,"5,000"
0.922,박경수,1984-03-31,2006,"4,200"
1.276,박경수,1984-03-31,2007,"5,000"
1.252,박경수,1984-03-31,2008,"6,000"
1.425,박경수,1984-03-31,2009,"7,000"
1.932,박경수,1984-03-31,2010,"7,200"
1.334,박경수,1984-03-31,2011,"8,000"
0.088,박경수,1984-03-31,2014,"9,000"
5.528,박경수,1984-03-31,2015,"23,000"
4.453,박경수,1984-03-31,2016,"23,000"
1.511,박경수,1984-03-31,2017,"23,000"
2.551,박경수,1984-03-31,2018,"23,000"
0.703,박계현,1992-03-08,2014,"2,900"
-1.496,박계현,1992-03-08,2015,"6,000"
-0.099,박광열,1995-08-28,2015,"3,000"
0.072,박광열,1995-08-28,2016,"3,000"
-0.201,박광열,1995-08-28,2017,"3,000"
-0.166,박광열,1995-08-28,2018,"3,600"
-0.020,박기남,1981-08-14,2004,
0.886,박기남,1981-08-14,2005,"2,500"
0.472,박기남,1981-08-14,2006,"3,500"
-0.227,박기남,1981-08-14,2009,"3,500"
0.799,박기남,1981-08-14,2010,"5,500"
0.555,박기남,1981-08-14,2011,"6,500"
1.226,박기남,1981-08-14,2012,"7,000"
1.412,박기남,1981-08-14,2013,"10,000"
0.331,박기남,1981-08-14,2014,"9,000"
-0.023,박기남,1981-08-14,2015,"10,000"
0.009,박기혁,1981-06-04,2000,
-0.444,박기혁,1981-06-04,2001,"1,700"
0.029,박기혁,1981-06-04,2002,"2,000"
0.128,박기혁,1981-06-04,2003,"2,600"
-0.076,박기혁,1981-06-04,2004,"4,000"
2.248,박기혁,1981-06-04,2005,"5,700"
0.891,박기혁,1981-06-04,2006,"7,800"
0.384,박기혁,1981-06-04,2007,"10,000"
2.523,박기혁,1981-06-04,2008,"8,800"
-0.925,박기혁,1981-06-04,2009,"12,000"
-0.521,박기혁,1981-06-04,2010,"12,000"
-0.112,박기혁,1981-06-04,2013,"10,000"
-0.169,박기혁,1981-06-04,2014,"7,000"
-0.642,박기혁,1981-06-04,2015,"15,000"
-0.411,박기혁,1981-06-04,2016,"15,000"
-0.678,박기혁,1981-06-04,2017,"15,000"
-0.612,박기혁,1981-06-04,2018,"15,000"
-0.084,박노민,1985-08-18,2004,
-0.120,박노민,1985-08-18,2005,"2,300"
0.303,박노민,1985-08-18,2009,"2,500"
0.012,박노민,1985-08-18,2010,"3,000"
0.466,박노민,1985-08-18,2011,"3,100"
-0.007,박노민,1985-08-18,2012,"3,500"
-0.078,박노민,1985-08-18,2013,"3,500"
-0.048,박노민,1985-08-18,2014,"3,500"
-0.008,박노민,1985-08-18,2015,"4,000"
0.009,박노민,1985-08-18,2016,"4,000"
-0.042,박동원,1990-04-07,2010,
0.013,박동원,1990-04-07,2013,"2,400"
0.906,박동원,1990-04-07,2014,"3,400"
1.679,박동원,1990-04-07,2015,"14,000"
1.356,박동원,1990-04-07,2016,"14,000"
1.148,박동원,1990-04-07,2017,"20,000"
0.510,박동원,1990-04-07,2018,"18,000"
0.229,박민우,1993-02-06,2013,"2,600"
4.043,박민우,1993-02-06,2014,"2,600"
5.318,박민우,1993-02-06,2015,"19,000"
4.013,박민우,1993-02-06,2016,"19,000"
4.471,박민우,1993-02-06,2017,"25,000"
2.725,박민우,1993-02-06,2018,"32,000"
0.311,박병호,1986-07-10,2005,
-0.649,박병호,1986-07-10,2006,"2,800"
-0.057,박병호,1986-07-10,2009,"3,000"
-0.181,박병호,1986-07-10,2010,"3,500"
1.729,박병호,1986-07-10,2011,"3,500"
6.506,박병호,1986-07-10,2012,"6,200"
7.022,박병호,1986-07-10,2013,"22,000"
6.630,박병호,1986-07-10,2014,"50,000"
8.339,박병호,1986-07-10,2015,"70,000"
6.812,박병호,1986-07-10,2018,"150,000"
-0.034,박상규,1989-05-02,2013,"2,400"
-0.203,박석민,1985-06-22,2004,
-0.054,박석민,1985-06-22,2005,"2,400"
4.326,박석민,1985-06-22,2008,"3,200"
4.163,박석민,1985-06-22,2009,"8,000"
4.903,박석민,1985-06-22,2010,"10,500"
4.648,박석민,1985-06-22,2011,"13,500"
7.889,박석민,1985-06-22,2012,"18,000"
5.849,박석민,1985-06-22,2013,"28,000"
4.275,박석민,1985-06-22,2014,"37,000"
6.039,박석민,1985-06-22,2015,"37,000"
3.854,박석민,1985-06-22,2016,"75,000"
1.663,박석민,1985-06-22,2017,"75,000"
0.986,박석민,1985-06-22,2018,"75,000"
0.071,박세혁,1990-01-09,2012,
0.148,박세혁,1990-01-09,2013,"2,500"
0.114,박세혁,1990-01-09,2016,"3,000"
1.232,박세혁,1990-01-09,2017,"6,000"
1.322,박세혁,1990-01-09,2018,"10,000"
-0.041,박승욱,1992-12-04,2012,
-0.013,박승욱,1992-12-04,2013,"2,400"
0.511,박승욱,1992-12-04,2016,"2,700"
-0.240,박승욱,1992-12-04,2017,"3,500"
0.381,박승욱,1992-12-04,2018,"4,500"
-0.105,박용근,1984-01-21,2007,
0.036,박용근,1984-01-21,2008,"2,800"
0.218,박용근,1984-01-21,2009,"3,500"
0.519,박용근,1984-01-21,2010,"4,500"
0.040,박용근,1984-01-21,2014,"4,000"
-0.145,박용근,1984-01-21,2015,"4,000"
-0.336,박용근,1984-01-21,2016,"4,000"
3.204,박용택,1979-04-21,2002,
1.750,박용택,1979-04-21,2003,"5,000"
2.775,박용택,1979-04-21,2004,"7,000"
3.548,박용택,1979-04-21,2005,"9,000"
5.065,박용택,1979-04-21,2006,"15,000"
3.230,박용택,1979-04-21,2007,"16,000"
0.757,박용택,1979-04-21,2008,"18,000"
5.794,박용택,1979-04-21,2009,"15,000"
1.790,박용택,1979-04-21,2010,"31,000"
2.351,박용택,1979-04-21,2011,"35,000"
5.863,박용택,1979-04-21,2012,"35,000"
4.952,박용택,1979-04-21,2013,"35,000"
4.214,박용택,1979-04-21,2014,"35,000"
2.235,박용택,1979-04-21,2015,"80,000"
3.195,박용택,1979-04-21,2016,"80,000"
3.699,박용택,1979-04-21,2017,"80,000"
1.518,박용택,1979-04-21,2018,"80,000"
0.010,박유연,1998-12-20,2017,"2,700"
-0.192,박정권,1981-07-21,2004,
-0.145,박정권,1981-07-21,2007,"2,000"
0.254,박정권,1981-07-21,2008,"4,000"
2.060,박정권,1981-07-21,2009,"5,000"
3.942,박정권,1981-07-21,2010,"12,500"
1.018,박정권,1981-07-21,2011,"20,000"
1.433,박정권,1981-07-21,2012,"19,500"
3.279,박정권,1981-07-21,2013,"20,500"
3.402,박정권,1981-07-21,2014,"23,500"
2.348,박정권,1981-07-21,2015,"40,000"
1.811,박정권,1981-07-21,2016,"40,000"
0.782,박정권,1981-07-21,2017,"40,000"
-0.134,박정권,1981-07-21,2018,"40,000"
1.023,박정음,1989-04-15,2016,"2,700"
-0.262,박정음,1989-04-15,2017,"6,600"
-0.177,박정음,1989-04-15,2018,"5,500"
-0.157,이호신,1984-05-19,2007,
-0.160,이호신,1984-05-19,2008,"2,000"
-0.339,이호신,1984-05-19,2009,"2,200"
-0.052,이호신,1984-05-19,2012,"2,400"
-0.351,이호신,1984-05-19,2015,"3,600"
-0.325,이호신,1984-05-19,2016,"3,600"
0.021,이호신,1984-05-19,2017,"4,000"
-0.017,박준서,1981-12-11,2001,
-0.280,박준서,1981-12-11,2002,
-0.223,박준서,1981-12-11,2003,
0.679,박준서,1981-12-11,2004,
-0.394,박준서,1981-12-11,2005,
-0.207,박준서,1981-12-11,2006,
-0.008,박준서,1981-12-11,2007,
-0.109,박준서,1981-12-11,2008,
-0.203,박준서,1981-12-11,2009,
-0.471,박준서,1981-12-11,2010,"4,200"
-0.177,박준서,1981-12-11,2011,"4,000"
1.032,박준서,1981-12-11,2012,"3,500"
1.063,박준서,1981-12-11,2013,"6,100"
0.070,박준서,1981-12-11,2014,"6,800"
-0.090,박준서,1981-12-11,2015,"7,800"
0.321,박준태,1991-07-26,2014,"2,400"
-0.212,박준태,1991-07-26,2015,"3,400"
0.070,박준태,1991-07-26,2018,"3,800"
-0.742,박지규,1991-10-12,2015,"2,700"
-0.650,박지규,1991-10-12,2018,"5,000"
2.847,박진만,1976-11-30,1996,
-0.867,박진만,1976-11-30,1997,"4,000"
-0.255,박진만,1976-11-30,1998,"3,600"
0.975,박진만,1976-11-30,1999,"5,000"
3.505,박진만,1976-11-30,2000,"5,500"
3.981,박진만,1976-11-30,2001,"10,500"
1.405,박진만,1976-11-30,2002,"16,000"
4.089,박진만,1976-11-30,2003,"17,000"
4.032,박진만,1976-11-30,2004,"28,000"
1.894,박진만,1976-11-30,2005,"35,000"
4.899,박진만,1976-11-30,2006,"45,000"
4.420,박진만,1976-11-30,2007,"55,000"
1.765,박진만,1976-11-30,2008,"45,000"
0.958,박진만,1976-11-30,2009,"60,000"
0.604,박진만,1976-11-30,2010,"60,000"
2.207,박진만,1976-11-30,2011,"25,000"
0.618,박진만,1976-11-30,2012,"25,000"
1.404,박진만,1976-11-30,2013,"20,000"
0.027,박진만,1976-11-30,2014,"20,000"
0.904,박진만,1976-11-30,2015,"15,000"
-0.163,박진원,1987-03-17,2011,"2,400"
0.014,박찬도,1989-02-22,2013,"2,400"
0.166,박찬도,1989-02-22,2014,"2,600"
0.056,박찬도,1989-02-22,2015,"3,100"
-0.323,박찬도,1989-02-22,2018,"5,000"
2.880,박한이,1979-01-28,2001,
1.926,박한이,1979-01-28,2002,"4,000"
4.835,박한이,1979-01-28,2003,"6,500"
5.486,박한이,1979-01-28,2004,"11,000"
3.535,박한이,1979-01-28,2005,"15,000"
4.893,박한이,1979-01-28,2006,"20,000"
2.611,박한이,1979-01-28,2007,"27,000"
3.978,박한이,1979-01-28,2008,"24,300"
2.090,박한이,1979-01-28,2009,"27,000"
3.400,박한이,1979-01-28,2010,"30,000"
1.620,박한이,1979-01-28,2011,"30,000"
2.843,박한이,1979-01-28,2012,"30,000"
1.575,박한이,1979-01-28,2013,"35,000"
3.125,박한이,1979-01-28,2014,"45,000"
2.373,박한이,1979-01-28,2015,"45,000"
1.479,박한이,1979-01-28,2016,"45,000"
-0.008,박한이,1979-01-28,2017,"45,000"
0.597,박한이,1979-01-28,2018,"25,000"
0.000,박해민,1990-02-24,2013,
1.628,박해민,1990-02-24,2014,"2,400"
4.972,박해민,1990-02-24,2015,"15,000"
3.192,박해민,1990-02-24,2016,"15,000"
3.128,박해민,1990-02-24,2017,"23,000"
3.502,박해민,1990-02-24,2018,"29,000"
-0.222,박헌도,1987-01-01,2011,
-0.095,박헌도,1987-01-01,2012,"2,400"
-0.146,박헌도,1987-01-01,2013,"2,600"
0.162,박헌도,1987-01-01,2014,"2,600"
0.784,박헌도,1987-01-01,2015,"2,600"
0.267,박헌도,1987-01-01,2016,"8,000"
0.157,박헌도,1987-01-01,2017,"5,600"
-0.281,박헌도,1987-01-01,2018,"7,200"
0.146,배영섭,1986-06-27,2010,"2,400"
2.640,배영섭,1986-06-27,2011,"2,600"
2.420,배영섭,1986-06-27,2012,"7,000"
3.731,배영섭,1986-06-27,2013,"8,500"
0.060,배영섭,1986-06-27,2015,"16,000"
0.881,배영섭,1986-06-27,2016,"16,000"
0.384,배영섭,1986-06-27,2017,"15,000"
-0.419,배영섭,1986-06-27,2018,"13,000"
-0.923,배정대,1995-06-12,2015,"3,500"
-0.505,배정대,1995-06-12,2016,"3,500"
-0.045,배정대,1995-06-12,2018,"3,500"
0.096,백상원,1988-01-02,2013,"2,600"
-0.293,백상원,1988-01-02,2014,"2,600"
-0.493,백상원,1988-01-02,2015,"4,500"
1.615,백상원,1988-01-02,2016,"4,500"
-0.635,백상원,1988-01-02,2017,"9,000"
0.160,백상원,1988-01-02,2018,"6,000"
-0.055,백용환,1989-03-20,2013,"2,500"
-0.441,백용환,1989-03-20,2014,"2,900"
0.783,백용환,1989-03-20,2015,"6,000"
-0.405,백용환,1989-03-20,2016,"6,000"
-0.130,백용환,1989-03-20,2017,"5,500"
0.083,백용환,1989-03-20,2018,"5,300"
-0.150,백창수,1988-05-09,2010,
0.023,백창수,1988-05-09,2011,"2,600"
-0.407,백창수,1988-05-09,2014,"2,800"
0.092,백창수,1988-05-09,2015,"4,000"
0.248,백창수,1988-05-09,2016,"4,000"
0.897,백창수,1988-05-09,2017,"4,200"
-0.414,백창수,1988-05-09,2018,"5,000"
5.336,버나디나,1984-06-12,2017,"75,000"
3.724,버나디나,1984-06-12,2018,"75,000"
3.412,번즈,1990-08-07,2017,"60,000"
3.248,번즈,1990-08-07,2018,"73,000"
1.149,샌즈,1987-09-28,2018,
0.005,서건창,1989-08-22,2008,
3.510,서건창,1989-08-22,2012,"2,400"
1.718,서건창,1989-08-22,2013,"7,700"
7.917,서건창,1989-08-22,2014,"9,300"
1.533,서건창,1989-08-22,2015,"26,000"
4.454,서건창,1989-08-22,2016,"26,000"
3.804,서건창,1989-08-22,2017,"40,000"
0.539,서건창,1989-08-22,2018,"38,000"
-0.487,서동욱,1984-03-21,2003,
-0.033,서동욱,1984-03-21,2004,"2,500"
-0.098,서동욱,1984-03-21,2005,"2,800"
0.338,서동욱,1984-03-21,2008,"2,800"
-0.144,서동욱,1984-03-21,2009,"3,100"
-0.023,서동욱,1984-03-21,2010,"3,000"
1.051,서동욱,1984-03-21,2011,"3,200"
0.488,서동욱,1984-03-21,2012,"8,500"
1.401,서동욱,1984-03-21,2013,"8,500"
-0.395,서동욱,1984-03-21,2014,"9,000"
0.133,서동욱,1984-03-21,2015,"5,800"
2.661,서동욱,1984-03-21,2016,"5,800"
0.678,서동욱,1984-03-21,2017,"15,000"
-0.143,서동욱,1984-03-21,2018,"18,500"
-0.239,서상우,1989-09-17,2012,
0.906,서상우,1989-09-17,2015,"6,000"
0.481,서상우,1989-09-17,2016,"6,000"
-0.015,서상우,1989-09-17,2017,"5,500"
0.308,서상우,1989-09-17,2018,"3,500"
-0.043,성의준,1989-12-17,2012,
0.031,성의준,1989-12-17,2013,"2,400"
-0.048,성의준,1989-12-17,2016,"3,000"
-0.119,성의준,1989-12-17,2017,"3,500"
-0.362,손시헌,1980-10-19,2003,
0.523,손시헌,1980-10-19,2004,"2,700"
2.896,손시헌,1980-10-19,2005,"6,000"
2.589,손시헌,1980-10-19,2006,"13,000"
3.323,손시헌,1980-10-19,2009,"13,000"
2.422,손시헌,1980-10-19,2010,"18,500"
2.535,손시헌,1980-10-19,2011,"20,200"
1.200,손시헌,1980-10-19,2012,"19,700"
1.000,손시헌,1980-10-19,2013,"18,000"
2.616,손시헌,1980-10-19,2014,"40,000"
1.740,손시헌,1980-10-19,2015,"40,000"
3.551,손시헌,1980-10-19,2016,"40,000"
2.259,손시헌,1980-10-19,2017,"40,000"
0.035,손시헌,1980-10-19,2018,"50,000"
-0.033,손아섭,1988-03-18,2007,
1.172,손아섭,1988-03-18,2008,
-0.322,손아섭,1988-03-18,2009,"4,000"
2.849,손아섭,1988-03-18,2010,"4,000"
4.928,손아섭,1988-03-18,2011,"8,000"
3.586,손아섭,1988-03-18,2012,"13,000"
6.037,손아섭,1988-03-18,2013,"21,000"
6.852,손아섭,1988-03-18,2014,"40,000"
4.017,손아섭,1988-03-18,2015,"60,000"
5.150,손아섭,1988-03-18,2016,"60,000"
5.949,손아섭,1988-03-18,2017,"65,000"
5.120,손아섭,1988-03-18,2018,"150,000"
0.014,손용석,1987-04-13,2006,
0.549,손용석,1987-04-13,2007,"2,100"
0.454,손용석,1987-04-13,2011,"2,400"
0.227,손용석,1987-04-13,2012,"3,200"
-0.132,손용석,1987-04-13,2013,"3,600"
-0.016,손용석,1987-04-13,2014,"2,700"
-0.928,손용석,1987-04-13,2015,"3,400"
-0.107,손용석,1987-04-13,2016,"3,400"
0.000,손주인,1983-12-01,2002,
-0.130,손주인,1983-12-01,2003,"2,000"
0.034,손주인,1983-12-01,2005,"2,200"
-0.062,손주인,1983-12-01,2008,"2,300"
-0.306,손주인,1983-12-01,2009,"2,300"
-0.064,손주인,1983-12-01,2010,"4,250"
0.003,손주인,1983-12-01,2011,"4,400"
0.338,손주인,1983-12-01,2012,"5,500"
1.392,손주인,1983-12-01,2013,"6,800"
0.983,손주인,1983-12-01,2014,"6,800"
-0.935,손주인,1983-12-01,2015,"12,000"
2.170,손주인,1983-12-01,2016,"12,000"
1.249,손주인,1983-12-01,2017,"20,000"
-0.816,손주인,1983-12-01,2018,"18,000"
0.310,송광민,1983-06-24,2006,
-0.202,송광민,1983-06-24,2007,"2,400"
0.890,송광민,1983-06-24,2008,"2,900"
1.149,송광민,1983-06-24,2009,"4,000"
0.721,송광민,1983-06-24,2010,"6,000"
1.431,송광민,1983-06-24,2013,"6,000"
1.694,송광민,1983-06-24,2014,"7,000"
0.121,송광민,1983-06-24,2015,"10,000"
3.415,송광민,1983-06-24,2016,"10,000"
2.998,송광민,1983-06-24,2017,"20,000"
1.579,송광민,1983-06-24,2018,"24,000"
0.059,송민섭,1991-08-02,2015,"2,700"
-0.387,송민섭,1991-08-02,2018,"3,000"
-0.131,송성문,1996-08-29,2015,"2,700"
0.022,송성문,1996-08-29,2017,"3,000"
1.779,송성문,1996-08-29,2018,"3,500"
4.155,송지만,1973-03-02,1996,
1.942,송지만,1973-03-02,1997,"4,000"
3.283,송지만,1973-03-02,1998,"4,500"
3.142,송지만,1973-03-02,1999,"5,500"
6.435,송지만,1973-03-02,2000,"8,000"
2.240,송지만,1973-03-02,2001,"11,600"
5.574,송지만,1973-03-02,2002,"12,500"
1.614,송지만,1973-03-02,2003,"18,000"
2.905,송지만,1973-03-02,2004,"18,000"
3.727,송지만,1973-03-02,2005,"28,000"
3.208,송지만,1973-03-02,2006,"50,000"
2.877,송지만,1973-03-02,2007,"60,000"
1.820,송지만,1973-03-02,2008,"22,000"
3.371,송지만,1973-03-02,2009,"40,000"
2.689,송지만,1973-03-02,2010,"40,000"
1.617,송지만,1973-03-02,2011,"25,000"
-0.182,송지만,1973-03-02,2012,"25,000"
0.228,송지만,1973-03-02,2013,"8,000"
-0.111,스나이더,1982-05-25,2014,"15,000"
1.356,스나이더,1982-05-25,2015,"27,000"
4.344,스크럭스,1987-09-23,2017,"80,000"
1.189,스크럭스,1987-09-23,2018,"70,000"
-0.101,신경현,1975-11-28,1998,
-0.128,신경현,1975-11-28,1999,"1,800"
-0.290,신경현,1975-11-28,2000,"2,100"
0.461,신경현,1975-11-28,2001,"2,400"
1.751,신경현,1975-11-28,2004,"2,400"
2.172,신경현,1975-11-28,2005,"4,500"
1.260,신경현,1975-11-28,2006,"9,000"
0.945,신경현,1975-11-28,2007,"13,000"
2.009,신경현,1975-11-28,2008,"12,500"
0.709,신경현,1975-11-28,2009,"13,500"
1.406,신경현,1975-11-28,2010,"11,500"
1.128,신경현,1975-11-28,2011,"14,000"
-0.348,신경현,1975-11-28,2012,"20,000"
-0.225,신명철,1978-08-06,2001,
-0.372,신명철,1978-08-06,2002,"2,000"
0.366,신명철,1978-08-06,2003,"2,700"
0.443,신명철,1978-08-06,2004,"3,800"
1.012,신명철,1978-08-06,2005,"4,300"
-0.880,신명철,1978-08-06,2006,"6,600"
1.021,신명철,1978-08-06,2007,"7,500"
-0.820,신명철,1978-08-06,2008,"10,500"
3.420,신명철,1978-08-06,2009,"7,500"
2.781,신명철,1978-08-06,2010,"13,500"
-0.054,신명철,1978-08-06,2011,"16,000"
-0.004,신명철,1978-08-06,2012,"15,000"
-0.087,신명철,1978-08-06,2013,"15,000"
-0.291,신명철,1978-08-06,2015,"8,000"
-0.231,신범수,1998-01-25,2018,"2,900"
-0.341,신본기,1989-03-21,2012,
0.333,신본기,1989-03-21,2013,"3,000"
0.092,신본기,1989-03-21,2014,"5,000"
1.066,신본기,1989-03-21,2016,"5,500"
-0.231,신본기,1989-03-21,2017,"5,500"
1.352,신본기,1989-03-21,2018,"9,000"
0.573,신성현,1990-10-19,2015,"3,700"
0.242,신성현,1990-10-19,2016,"3,700"
-0.613,신성현,1990-10-19,2017,"3,700"
-0.251,신성현,1990-10-19,2018,"5,700"
0.457,신종길,1983-12-31,2003,"1,900"
-0.001,신종길,1983-12-31,2004,"2,300"
0.083,신종길,1983-12-31,2009,"2,400"
0.973,신종길,1983-12-31,2010,"2,700"
0.484,신종길,1983-12-31,2011,"4,000"
-0.587,신종길,1983-12-31,2012,"6,000"
2.779,신종길,1983-12-31,2013,"4,500"
1.087,신종길,1983-12-31,2014,"10,000"
0.888,신종길,1983-12-31,2015,"12,000"
0.582,신종길,1983-12-31,2016,"12,000"
-0.277,신종길,1983-12-31,2017,"9,800"
-1.107,심우준,1995-04-28,2015,"3,500"
-0.017,심우준,1995-04-28,2016,"3,500"
0.565,심우준,1995-04-28,2017,"5,000"
0.150,심우준,1995-04-28,2018,"6,300"
0.642,안익훈,1996-02-12,2015,"4,100"
0.106,안익훈,1996-02-12,2016,"4,100"
0.899,안익훈,1996-02-12,2017,"5,000"
-0.668,안익훈,1996-02-12,2018,"9,000"
-0.605,안중열,1995-09-01,2015,
-0.184,안중열,1995-09-01,2016,"4,000"
0.438,안중열,1995-09-01,2018,"2,800"
-0.047,안치용,1979-02-23,2002,
-0.381,안치용,1979-02-23,2003,"2,000"
-0.128,안치용,1979-02-23,2004,"2,000"
-0.104,안치용,1979-02-23,2005,"2,700"
-0.352,안치용,1979-02-23,2006,"2,800"
0.011,안치용,1979-02-23,2007,"2,800"
2.602,안치용,1979-02-23,2008,"3,000"
-0.142,안치용,1979-02-23,2009,"6,600"
0.372,안치용,1979-02-23,2010,"6,600"
3.075,안치용,1979-02-23,2011,"5,500"
1.063,안치용,1979-02-23,2012,"8,500"
0.034,안치용,1979-02-23,2013,"7,500"
0.669,안치홍,1990-07-02,2009,
3.238,안치홍,1990-07-02,2010,"6,000"
3.277,안치홍,1990-07-02,2011,"10,000"
3.716,안치홍,1990-07-02,2012,"12,500"
1.614,안치홍,1990-07-02,2013,"20,000"
4.595,안치홍,1990-07-02,2014,"15,000"
-0.124,안치홍,1990-07-02,2016,"15,000"
4.232,안치홍,1990-07-02,2017,"22,000"
4.382,안치홍,1990-07-02,2018,"32,000"
2.403,알드리지,1979-06-13,2011,
-1.317,양석환,1991-07-15,2015,"7,000"
0.422,양석환,1991-07-15,2016,"7,000"
1.647,양석환,1991-07-15,2017,"9,000"
1.602,양석환,1991-07-15,2018,"16,000"
0.288,양성우,1989-05-02,2012,
-0.045,양성우,1989-05-02,2013,"2,800"
0.271,양성우,1989-05-02,2016,"2,800"
0.225,양성우,1989-05-02,2017,"8,000"
0.353,양성우,1989-05-02,2018,"10,000"
0.000,양영동,1983-07-16,2006,
-0.091,양영동,1983-07-16,2011,"2,400"
0.129,양영동,1983-07-16,2012,"3,000"
-0.261,양영동,1983-07-16,2013,"4,200"
-0.023,양의지,1987-06-05,2007,"2,000"
3.708,양의지,1987-06-05,2010,"2,400"
3.493,양의지,1987-06-05,2011,"7,200"
3.429,양의지,1987-06-05,2012,"12,500"
2.179,양의지,1987-06-05,2013,"15,500"
2.738,양의지,1987-06-05,2014,"20,000"
5.879,양의지,1987-06-05,2015,"20,000"
4.874,양의지,1987-06-05,2016,"42,000"
3.162,양의지,1987-06-05,2017,"48,000"
6.643,양의지,1987-06-05,2018,"60,000"
0.006,양종민,1990-10-09,2009,
-0.052,양종민,1990-10-09,2010,"2,400"
-0.105,양종민,1990-10-09,2011,"2,500"
0.018,양종민,1990-10-09,2012,"3,200"
0.000,양종민,1990-10-09,2013,"2,700"
-0.077,양종민,1990-10-09,2014,"2,900"
-0.036,양종민,1990-10-09,2015,"2,800"
-0.031,양종민,1990-10-09,2018,"2,900"
0.040,엄태용,1994-02-24,2013,
-0.126,엄태용,1994-02-24,2014,"3,500"
-0.265,오선진,1989-07-07,2008,
0.043,오선진,1989-07-07,2009,"2,500"
-0.957,오선진,1989-07-07,2010,"3,000"
-0.343,오선진,1989-07-07,2011,"3,300"
1.686,오선진,1989-07-07,2012,"3,800"
0.476,오선진,1989-07-07,2013,"8,800"
-0.092,오선진,1989-07-07,2016,"8,000"
0.719,오선진,1989-07-07,2017,"7,600"
-0.570,오선진,1989-07-07,2018,"8,600"
0.241,오재원,1985-02-09,2007,
0.229,오재원,1985-02-09,2008,"2,500"
-0.780,오재원,1985-02-09,2009,"4,400"
1.701,오재원,1985-02-09,2010,"5,200"
3.546,오재원,1985-02-09,2011,"8,500"
1.335,오재원,1985-02-09,2012,"14,500"
2.886,오재원,1985-02-09,2013,"12,500"
3.562,오재원,1985-02-09,2014,"17,000"
2.348,오재원,1985-02-09,2015,"40,000"
1.762,오재원,1985-02-09,2016,"55,000"
0.314,오재원,1985-02-09,2017,"55,000"
3.335,오재원,1985-02-09,2018,"55,000"
0.003,오재일,1986-10-29,2005,
-0.478,오재일,1986-10-29,2009,"2,100"
-0.583,오재일,1986-10-29,2010,"2,100"
-0.008,오재일,1986-10-29,2011,"2,500"
-0.465,오재일,1986-10-29,2012,"2,500"
1.015,오재일,1986-10-29,2013,"5,000"
0.189,오재일,1986-10-29,2014,"7,300"
0.953,오재일,1986-10-29,2015,"9,500"
3.991,오재일,1986-10-29,2016,"9,500"
3.886,오재일,1986-10-29,2017,"19,800"
3.203,오재일,1986-10-29,2018,"30,000"
-0.083,오재필,1982-07-27,2006,
-0.294,오재필,1982-07-27,2008,
0.213,오재필,1982-07-27,2011,"2,400"
0.245,오재필,1982-07-27,2012,"3,000"
-0.166,오재필,1982-07-27,2013,"3,400"
-0.098,오정복,1986-10-13,2009,
0.777,오정복,1986-10-13,2010,"2,600"
-0.181,오정복,1986-10-13,2011,"5,300"
0.006,오정복,1986-10-13,2014,"5,300"
0.421,오정복,1986-10-13,2015,"8,000"
0.208,오정복,1986-10-13,2016,"8,000"
0.734,오정복,1986-10-13,2017,"7,000"
-0.213,오정복,1986-10-13,2018,"7,000"
-0.091,오지환,1990-03-12,2009,
2.717,오지환,1990-03-12,2010,"2,400"
0.358,오지환,1990-03-12,2011,"10,200"
3.497,오지환,1990-03-12,2012,"4,800"
3.910,오지환,1990-03-12,2013,"10,200"
2.526,오지환,1990-03-12,2014,"15,000"
6.573,오지환,1990-03-12,2015,"25,000"
4.440,오지환,1990-03-12,2016,"25,000"
2.740,오지환,1990-03-12,2017,"35,000"
3.096,오지환,1990-03-12,2018,"29,000"
-0.022,오태곤,1991-11-18,2011,
0.024,오태곤,1991-11-18,2014,
0.455,오태곤,1991-11-18,2015,
-0.071,오태곤,1991-11-18,2016,
0.544,오태곤,1991-11-18,2017,
0.161,오태곤,1991-11-18,2018,"8,300"
0.095,용덕한,1981-04-09,2004,
0.125,용덕한,1981-04-09,2005,"2,000"
0.147,용덕한,1981-04-09,2006,"3,200"
0.119,용덕한,1981-04-09,2009,"3,000"
-0.208,용덕한,1981-04-09,2010,"4,500"
-0.341,용덕한,1981-04-09,2011,"4,000"
0.265,용덕한,1981-04-09,2012,"4,000"
-0.528,용덕한,1981-04-09,2013,"6,000"
0.273,용덕한,1981-04-09,2014,"6,500"
0.216,용덕한,1981-04-09,2015,"6,500"
-0.118,용덕한,1981-04-09,2016,"8,500"
0.452,우동균,1989-12-03,2008,
0.619,우동균,1989-12-03,2009,"3,000"
-0.088,우동균,1989-12-03,2012,"3,800"
0.104,우동균,1989-12-03,2013,"4,000"
-0.132,우동균,1989-12-03,2014,"5,500"
-0.261,우동균,1989-12-03,2015,"5,500"
0.102,우동균,1989-12-03,2016,"5,500"
-0.269,우동균,1989-12-03,2017,"5,500"
-0.068,유강남,1992-07-15,2011,
-0.259,유강남,1992-07-15,2012,"2,400"
0.814,유강남,1992-07-15,2015,"8,100"
0.856,유강남,1992-07-15,2016,"8,100"
2.559,유강남,1992-07-15,2017,"10,000"
3.579,유강남,1992-07-15,2018,"18,500"
-0.055,유민상,1989-04-13,2015,"3,200"
0.238,유민상,1989-04-13,2016,"3,200"
0.041,유민상,1989-04-13,2017,"4,500"
0.288,유민상,1989-04-13,2018,"4,500"
-0.023,유선정,1986-08-21,2007,"2,000"
-0.198,유선정,1986-08-21,2008,"2,000"
-0.016,유선정,1986-08-21,2009,"2,200"
0.487,유선정,1986-08-21,2010,"2,200"
-0.134,유선정,1986-08-21,2011,"3,600"
-0.304,유선정,1986-08-21,2015,"3,600"
0.096,유재신,1987-11-21,2008,"2,000"
-0.093,유재신,1987-11-21,2009,"2,400"
0.142,유재신,1987-11-21,2012,"2,400"
-0.221,유재신,1987-11-21,2013,"3,200"
-0.037,유재신,1987-11-21,2014,"4,200"
0.380,유재신,1987-11-21,2015,"6,000"
-0.254,유재신,1987-11-21,2016,"6,000"
-0.107,유재신,1987-11-21,2017,"6,000"
0.238,유재신,1987-11-21,2018,"6,500"
6.137,이종범,1970-08-15,1993,
11.766,이종범,1970-08-15,1994,
5.034,이종범,1970-08-15,1995,
9.517,이종범,1970-08-15,1996,
9.700,이종범,1970-08-15,1997,
2.536,이종범,1970-08-15,2001,"35,000"
5.236,이종범,1970-08-15,2002,"43,000"
7.108,이종범,1970-08-15,2003,"45,000"
4.270,이종범,1970-08-15,2004,"48,000"
4.787,이종범,1970-08-15,2005,"43,000"
0.793,이종범,1970-08-15,2006,"50,000"
-2.039,이종범,1970-08-15,2007,"50,000"
1.447,이종범,1970-08-15,2008,"20,000"
0.865,이종범,1970-08-15,2009,"20,000"
-0.100,이종범,1970-08-15,2010,"26,000"
0.687,이종범,1970-08-15,2011,"19,000"
-0.083,유재혁,1992-03-29,2013,
0.022,유한준,1981-07-01,2005,"2,000"
0.701,유한준,1981-07-01,2006,"2,100"
0.531,유한준,1981-07-01,2007,"3,500"
1.921,유한준,1981-07-01,2010,"3,500"
2.219,유한준,1981-07-01,2011,"8,800"
0.223,유한준,1981-07-01,2012,"12,500"
1.289,유한준,1981-07-01,2013,"11,500"
3.054,유한준,1981-07-01,2014,"11,500"
6.157,유한준,1981-07-01,2015,"11,500"
3.440,유한준,1981-07-01,2016,"60,000"
1.813,유한준,1981-07-01,2017,"60,000"
2.836,유한준,1981-07-01,2018,"60,000"
-0.216,윤병호,1989-07-05,2015,"2,900"
-0.049,윤병호,1989-07-05,2016,"2,900"
-0.081,윤병호,1989-07-05,2017,"3,000"
-0.122,윤병호,1989-07-05,2018,"3,500"
0.005,윤석민,1985-09-04,2004,
0.005,윤석민,1985-09-04,2005,"2,000"
-0.125,윤석민,1985-09-04,2006,"2,000"
-0.364,윤석민,1985-09-04,2007,"2,000"
1.191,윤석민,1985-09-04,2011,"2,400"
2.292,윤석민,1985-09-04,2012,"4,100"
0.592,윤석민,1985-09-04,2013,"7,700"
0.061,윤석민,1985-09-04,2014,"7,700"
0.228,윤석민,1985-09-04,2015,"16,000"
2.867,윤석민,1985-09-04,2016,"16,000"
2.153,윤석민,1985-09-04,2017,"16,000"
0.393,윤석민,1985-09-04,2018,"31,000"
-0.059,윤요섭,1982-03-30,2008,
0.436,윤요섭,1982-03-30,2009,
0.101,윤요섭,1982-03-30,2010,
0.535,윤요섭,1982-03-30,2011,
1.744,윤요섭,1982-03-30,2012,"4,200"
0.208,윤요섭,1982-03-30,2013,"6,500"
-0.296,윤요섭,1982-03-30,2014,"10,000"
-0.052,윤요섭,1982-03-30,2015,"6,500"
0.253,윤요섭,1982-03-30,2016,"6,500"
0.013,윤요섭,1982-03-30,2017,"5,600"
-0.164,윤정우,1988-05-12,2011,
-0.281,윤정우,1988-05-12,2012,"2,600"
0.408,윤정우,1988-05-12,2016,"2,900"
0.094,윤정우,1988-05-12,2018,"3,000"
0.057,윤진호,1986-06-23,2009,
-0.130,윤진호,1986-06-23,2010,"2,400"
-0.538,윤진호,1986-06-23,2011,"2,600"
-0.159,윤진호,1986-06-23,2012,"3,300"
-0.080,윤진호,1986-06-23,2015,"3,300"
-0.169,윤진호,1986-06-23,2016,"3,300"
-0.069,윤진호,1986-06-23,2017,"4,000"
-0.292,윤진호,1986-06-23,2018,"4,200"
0.000,이대수,1981-08-21,2002,
-0.048,이대수,1981-08-21,2003,"1,800"
-1.140,이대수,1981-08-21,2004,"2,100"
-0.004,이대수,1981-08-21,2005,"2,900"
2.166,이대수,1981-08-21,2006,"4,500"
1.295,이대수,1981-08-21,2007,"4,500"
1.434,이대수,1981-08-21,2008,"9,500"
0.113,이대수,1981-08-21,2009,"8,700"
0.461,이대수,1981-08-21,2010,"8,000"
3.098,이대수,1981-08-21,2011,"9,000"
2.807,이대수,1981-08-21,2012,"14,000"
1.993,이대수,1981-08-21,2013,"14,000"
0.009,이대수,1981-08-21,2014,"14,000"
0.154,이대수,1981-08-21,2015,"35,000"
-0.233,이대수,1981-08-21,2016,"35,000"
0.347,이대수,1981-08-21,2017,"35,000"
0.024,이대수,1981-08-21,2018,"7,000"
-0.005,이대형,1983-07-19,2003,
-0.205,이대형,1983-07-19,2004,"2,000"
0.844,이대형,1983-07-19,2005,"2,600"
-0.014,이대형,1983-07-19,2006,"3,800"
3.345,이대형,1983-07-19,2007,"3,800"
1.715,이대형,1983-07-19,2008,"8,000"
1.374,이대형,1983-07-19,2009,"9,500"
1.909,이대형,1983-07-19,2010,"12,000"
0.951,이대형,1983-07-19,2011,"14,000"
-0.101,이대형,1983-07-19,2012,"8,500"
0.121,이대형,1983-07-19,2013,"8,500"
1.676,이대형,1983-07-19,2014,"30,000"
0.913,이대형,1983-07-19,2015,"30,000"
0.614,이대형,1983-07-19,2016,"30,000"
-0.870,이대형,1983-07-19,2017,"30,000"
0.004,이대형,1983-07-19,2018,"20,000"
0.133,이대호,1982-06-21,2001,
1.062,이대호,1982-06-21,2002,"2,000"
0.049,이대호,1982-06-21,2003,"3,200"
1.570,이대호,1982-06-21,2004,"3,700"
3.984,이대호,1982-06-21,2005,"7,000"
6.522,이대호,1982-06-21,2006,"13,000"
6.996,이대호,1982-06-21,2007,"32,000"
5.514,이대호,1982-06-21,2008,"36,000"
4.836,이대호,1982-06-21,2009,"36,000"
8.825,이대호,1982-06-21,2010,"39,000"
6.893,이대호,1982-06-21,2011,"63,000"
3.737,이대호,1982-06-21,2017,"250,000"
3.699,이대호,1982-06-21,2018,"250,000"
0.026,이동훈,1996-07-24,2016,"2,700"
-0.578,이동훈,1996-07-24,2017,"2,800"
-0.059,이동훈,1996-07-24,2018,"3,300"
-0.055,이명기,1987-12-26,2008,"2,000"
-0.093,이명기,1987-12-26,2009,"2,200"
0.018,이명기,1987-12-26,2010,"2,500"
0.735,이명기,1987-12-26,2013,"2,500"
1.988,이명기,1987-12-26,2014,"4,000"
1.546,이명기,1987-12-26,2015,"18,000"
-0.116,이명기,1987-12-26,2016,"18,000"
3.090,이명기,1987-12-26,2017,"15,000"
2.406,이명기,1987-12-26,2018,"25,000"
-0.149,이명환,1985-04-26,2013,"2,400"
-0.246,이민재,1988-02-05,2012,
-0.420,이민재,1988-02-05,2015,"3,400"
-0.061,이범호,1981-11-25,2000,
-0.370,이범호,1981-11-25,2001,"2,000"
2.015,이범호,1981-11-25,2002,"2,400"
1.707,이범호,1981-11-25,2003,"3,500"
5.611,이범호,1981-11-25,2004,"4,500"
4.946,이범호,1981-11-25,2005,"10,500"
4.752,이범호,1981-11-25,2006,"16,000"
3.901,이범호,1981-11-25,2007,"23,000"
5.149,이범호,1981-11-25,2008,"21,000"
3.831,이범호,1981-11-25,2009,"33,000"
5.537,이범호,1981-11-25,2011,"40,000"
1.548,이범호,1981-11-25,2012,"49,500"
3.346,이범호,1981-11-25,2013,"43,500"
2.345,이범호,1981-11-25,2014,"45,000"
2.778,이범호,1981-11-25,2015,"65,000"
4.629,이범호,1981-11-25,2016,"65,000"
2.592,이범호,1981-11-25,2017,"65,000"
2.622,이범호,1981-11-25,2018,"65,000"
-0.014,이병휘,1998-08-05,2018,"2,700"
0.547,이상호,1989-02-05,2013,
-0.204,이상호,1989-02-05,2014,"4,000"
0.150,이상호,1989-02-05,2016,"4,000"
0.251,이상호,1989-02-05,2017,"4,800"
-0.758,이상호,1989-02-05,2018,"7,500"
0.029,이성곤,1992-03-25,2014,"2,400"
-0.033,이성곤,1992-03-25,2017,"2,800"
-0.139,이성곤,1992-03-25,2018,"3,000"
0.007,이성열,1984-07-13,2004,"2,000"
2.494,이성열,1984-07-13,2005,"2,000"
0.114,이성열,1984-07-13,2006,"3,200"
0.148,이성열,1984-07-13,2007,"3,000"
0.206,이성열,1984-07-13,2008,"3,000"
0.077,이성열,1984-07-13,2009,"4,200"
2.842,이성열,1984-07-13,2010,"3,600"
0.793,이성열,1984-07-13,2011,"8,500"
0.419,이성열,1984-07-13,2012,"8,500"
1.535,이성열,1984-07-13,2013,"7,200"
0.381,이성열,1984-07-13,2014,"11,000"
0.578,이성열,1984-07-13,2015,"11,000"
0.789,이성열,1984-07-13,2016,"25,000"
1.819,이성열,1984-07-13,2017,"23,000"
1.529,이성열,1984-07-13,2018,"25,000"
-0.312,이성우,1981-09-01,2008,
0.050,이성우,1981-09-01,2009,"2,500"
-0.026,이성우,1981-09-01,2010,"3,000"
0.047,이성우,1981-09-01,2011,"3,000"
-0.122,이성우,1981-09-01,2012,"3,300"
-0.274,이성우,1981-09-01,2013,"3,800"
-0.417,이성우,1981-09-01,2014,"3,700"
-0.108,이성우,1981-09-01,2015,"6,500"
-0.259,이성우,1981-09-01,2016,"6,500"
0.265,이성우,1981-09-01,2017,"6,000"
-0.025,이성우,1981-09-01,2018,"9,000"
0.089,조동찬,1983-07-27,2002,
-0.173,조동찬,1983-07-27,2003,"2,200"
0.503,조동찬,1983-07-27,2004,"2,700"
3.609,조동찬,1983-07-27,2005,"5,400"
2.468,조동찬,1983-07-27,2006,"10,000"
-0.157,조동찬,1983-07-27,2007,"13,000"
0.298,조동찬,1983-07-27,2008,"11,000"
1.316,조동찬,1983-07-27,2009,"9,000"
3.060,조동찬,1983-07-27,2010,"9,500"
0.557,조동찬,1983-07-27,2011,"13,500"
2.840,조동찬,1983-07-27,2012,"11,000"
1.146,조동찬,1983-07-27,2013,"15,000"
0.173,조동찬,1983-07-27,2014,"22,000"
0.479,조동찬,1983-07-27,2016,"40,000"
1.204,조동찬,1983-07-27,2017,"40,000"
-0.162,조동찬,1983-07-27,2018,"40,000"
-0.132,이승재,1983-06-09,2006,
0.000,이승재,1983-06-09,2007,"2,500"
-0.071,이승재,1983-06-09,2014,"2,400"
0.005,이양기,1981-01-31,2003,
-0.188,이양기,1981-01-31,2004,"1,800"
0.256,이양기,1981-01-31,2005,"2,000"
-0.327,이양기,1981-01-31,2009,"2,300"
-0.021,이양기,1981-01-31,2010,"2,300"
0.626,이양기,1981-01-31,2011,"2,700"
-0.017,이양기,1981-01-31,2012,"3,700"
1.166,이양기,1981-01-31,2013,"3,700"
-0.245,이양기,1981-01-31,2014,"5,200"
-0.104,이양기,1981-01-31,2016,"5,400"
-0.477,이양기,1981-01-31,2017,"5,700"
-0.076,이여상,1984-02-01,2007,
0.022,이여상,1984-02-01,2008,
0.509,이여상,1984-02-01,2009,"3,200"
-0.028,이여상,1984-02-01,2010,"3,500"
0.076,이여상,1984-02-01,2011,"3,000"
0.473,이여상,1984-02-01,2012,"5,000"
-0.413,이여상,1984-02-01,2013,"5,000"
-0.117,이여상,1984-02-01,2015,"3,600"
-0.236,이여상,1984-02-01,2016,"3,600"
-0.118,이영욱,1985-10-11,2008,
0.643,이영욱,1985-10-11,2009,"2,100"
2.564,이영욱,1985-10-11,2010,"4,095"
0.911,이영욱,1985-10-11,2011,"8,000"
-0.129,이영욱,1985-10-11,2014,"7,000"
-0.087,이영욱,1985-10-11,2015,"6,000"
-0.125,이영욱,1985-10-11,2016,"5,500"
-0.091,이영욱,1985-10-11,2017,"6,500"
-0.262,이영욱,1985-10-11,2018,"6,500"
-0.806,이용규,1985-08-26,2004,
1.460,이용규,1985-08-26,2005,"2,000"
5.174,이용규,1985-08-26,2006,"5,500"
2.668,이용규,1985-08-26,2007,"11,000"
4.232,이용규,1985-08-26,2008,"9,000"
0.779,이용규,1985-08-26,2009,"15,000"
3.837,이용규,1985-08-26,2010,"16,000"
5.541,이용규,1985-08-26,2011,"20,000"
4.500,이용규,1985-08-26,2012,"30,000"
2.825,이용규,1985-08-26,2013,"34,000"
0.089,이용규,1985-08-26,2014,"70,000"
5.195,이용규,1985-08-26,2015,"70,000"
3.972,이용규,1985-08-26,2016,"70,000"
0.147,이용규,1985-08-26,2017,"90,000"
1.812,이용규,1985-08-26,2018,"40,000"
-0.097,이우민,1982-05-04,2001,
-0.289,이우민,1982-05-04,2002,
0.145,이우민,1982-05-04,2003,
-0.189,이우민,1982-05-04,2006,
1.821,이우민,1982-05-04,2007,
-0.317,이우민,1982-05-04,2008,
0.330,이우민,1982-05-04,2009,
0.086,이우민,1982-05-04,2010,
-0.400,이우민,1982-05-04,2011,
0.066,이우민,1982-05-04,2012,
0.080,이우민,1982-05-04,2013,
-0.184,이우민,1982-05-04,2014,"6,000"
0.442,이우민,1982-05-04,2015,"7,000"
-0.198,이우민,1982-05-04,2016,"7,000"
0.123,이우민,1982-05-04,2017,"6,000"
-0.060,이우성,1994-07-17,2016,"2,800"
-0.052,이우성,1994-07-17,2017,"2,800"
-0.551,이우성,1994-07-17,2018,"2,800"
-0.116,이원석,1986-10-21,2005,
-0.334,이원석,1986-10-21,2006,"3,000"
0.709,이원석,1986-10-21,2007,"5,500"
0.394,이원석,1986-10-21,2008,"6,800"
2.089,이원석,1986-10-21,2009,"6,800"
1.517,이원석,1986-10-21,2010,"10,500"
0.543,이원석,1986-10-21,2011,"9,400"
2.056,이원석,1986-10-21,2012,"8,400"
2.810,이원석,1986-10-21,2013,"10,000"
0.326,이원석,1986-10-21,2014,"15,000"
0.311,이원석,1986-10-21,2016,"15,000"
1.102,이원석,1986-10-21,2017,"30,000"
3.315,이원석,1986-10-21,2018,"30,000"
-0.110,이원재,1989-05-20,2017,
0.350,이원재,1989-05-20,2018,"2,700"
-0.039,이인구,1980-11-07,2003,
-0.584,이인구,1980-11-07,2004,"1,900"
0.247,이인구,1980-11-07,2007,"2,100"
1.014,이인구,1980-11-07,2008,"2,400"
1.029,이인구,1980-11-07,2009,"3,700"
-0.045,이인구,1980-11-07,2010,"6,000"
0.837,이인구,1980-11-07,2011,"4,500"
-0.120,이인구,1980-11-07,2012,"5,000"
-0.047,이인구,1980-11-07,2013,"4,700"
-0.779,이인행,1991-06-30,2015,"3,000"
-0.097,이인행,1991-06-30,2017,"3,100"
-0.055,이인행,1991-06-30,2018,"3,200"
0.246,이재원,1988-02-24,2006,
0.970,이재원,1988-02-24,2007,"2,200"
1.299,이재원,1988-02-24,2008,"4,000"
0.255,이재원,1988-02-24,2009,"5,500"
-0.111,이재원,1988-02-24,2010,"5,000"
0.534,이재원,1988-02-24,2012,"5,000"
1.499,이재원,1988-02-24,2013,"5,400"
3.945,이재원,1988-02-24,2014,"7,500"
1.475,이재원,1988-02-24,2015,"28,000"
1.912,이재원,1988-02-24,2016,"28,000"
0.222,이재원,1988-02-24,2017,"35,000"
4.134,이재원,1988-02-24,2018,"35,000"
-0.122,이재율,1993-05-02,2016,"2,700"
-0.230,이재율,1993-05-02,2017,"3,000"
-0.202,이재율,1993-05-02,2018,"3,200"
-0.012,이정식,1981-11-02,2004,
0.142,이정식,1981-11-02,2005,"2,600"
0.619,이정식,1981-11-02,2006,"3,500"
0.155,이정식,1981-11-02,2007,"5,000"
0.234,이정식,1981-11-02,2010,"5,700"
0.052,이정식,1981-11-02,2011,"7,000"
-0.210,이정식,1981-11-02,2012,"6,000"
0.068,이정식,1981-11-02,2013,"5,500"
-0.022,이정식,1981-11-02,2014,"5,500"
0.059,이정식,1981-11-02,2015,"4,500"
-0.183,이정식,1981-11-02,2016,"4,500"
3.288,이정후,1998-08-20,2017,"2,700"
4.053,이정후,1998-08-20,2018,"11,000"
3.349,이종욱,1980-06-18,2006,"2,000"
5.342,이종욱,1980-06-18,2007,"6,000"
4.287,이종욱,1980-06-18,2008,"13,000"
1.444,이종욱,1980-06-18,2009,"17,200"
3.377,이종욱,1980-06-18,2010,"16,200"
3.566,이종욱,1980-06-18,2011,"19,200"
1.135,이종욱,1980-06-18,2012,"20,500"
3.923,이종욱,1980-06-18,2013,"19,700"
1.352,이종욱,1980-06-18,2014,"50,000"
1.961,이종욱,1980-06-18,2015,"50,000"
2.272,이종욱,1980-06-18,2016,"50,000"
1.589,이종욱,1980-06-18,2017,"50,000"
-0.376,이종욱,1980-06-18,2018,"20,000"
-0.112,이준수,1988-06-17,2012,
-0.081,이준수,1988-06-17,2013,"3,400"
0.008,이준수,1988-06-17,2014,"3,800"
-0.046,이준수,1988-06-17,2018,"3,000"
0.033,이준호,1987-09-07,2011,
0.065,이준호,1987-09-07,2012,"2,600"
-0.379,이준호,1987-09-07,2013,"7,000"
-0.147,이지영,1986-02-27,2009,
0.870,이지영,1986-02-27,2012,"3,000"
0.007,이지영,1986-02-27,2013,"6,000"
0.793,이지영,1986-02-27,2014,"9,000"
2.123,이지영,1986-02-27,2015,"21,000"
1.182,이지영,1986-02-27,2016,"21,000"
-0.188,이지영,1986-02-27,2017,"26,000"
1.569,이지영,1986-02-27,2018,"21,000"
-0.099,이진영,1980-06-15,1999,
0.413,이진영,1980-06-15,2000,"2,600"
0.841,이진영,1980-06-15,2001,"3,600"
3.501,이진영,1980-06-15,2002,"5,100"
5.328,이진영,1980-06-15,2003,"8,000"
5.072,이진영,1980-06-15,2004,"16,000"
3.633,이진영,1980-06-15,2005,"18,500"
2.225,이진영,1980-06-15,2006,"25,000"
3.082,이진영,1980-06-15,2007,"22,000"
2.392,이진영,1980-06-15,2008,"24,000"
1.957,이진영,1980-06-15,2009,"36,000"
2.570,이진영,1980-06-15,2010,"54,000"
0.939,이진영,1980-06-15,2011,"55,000"
2.789,이진영,1980-06-15,2012,"55,000"
2.838,이진영,1980-06-15,2013,"60,000"
2.050,이진영,1980-06-15,2014,"60,000"
0.398,이진영,1980-06-15,2015,"60,000"
1.551,이진영,1980-06-15,2016,"60,000"
-0.144,이진영,1980-06-15,2017,"40,000"
0.356,이진영,1980-06-15,2018,"40,000"
0.068,이창진,1991-03-04,2014,"2,400"
-0.103,이창진,1991-03-04,2015,"2,400"
-0.295,이창진,1991-03-04,2018,"2,400"
0.205,이천웅,1988-10-20,2012,
-0.192,이천웅,1988-10-20,2013,"2,600"
0.689,이천웅,1988-10-20,2016,"2,800"
0.886,이천웅,1988-10-20,2017,"9,300"
2.104,이천웅,1988-10-20,2018,"8,000"
-0.402,이태원,1986-03-17,2013,"2,400"
-0.683,이태원,1986-03-17,2014,"3,200"
1.497,이택근,1980-07-10,2003,
0.147,이택근,1980-07-10,2004,"3,500"
1.442,이택근,1980-07-10,2005,"4,000"
5.171,이택근,1980-07-10,2006,"4,500"
4.423,이택근,1980-07-10,2007,"10,500"
4.604,이택근,1980-07-10,2008,"13,000"
5.292,이택근,1980-07-10,2009,"22,500"
2.356,이택근,1980-07-10,2010,"27,000"
1.641,이택근,1980-07-10,2011,"27,000"
2.553,이택근,1980-07-10,2012,"70,000"
3.456,이택근,1980-07-10,2013,"70,000"
3.156,이택근,1980-07-10,2014,"70,000"
1.845,이택근,1980-07-10,2015,"50,000"
1.798,이택근,1980-07-10,2016,"50,000"
-0.079,이택근,1980-07-10,2017,"50,000"
1.047,이택근,1980-07-10,2018,"50,000"
-1.177,한상훈,1980-06-03,2003,
-0.826,한상훈,1980-06-03,2004,"2,400"
-0.048,한상훈,1980-06-03,2005,"2,800"
0.348,한상훈,1980-06-03,2006,"4,000"
1.108,한상훈,1980-06-03,2007,"6,500"
0.100,한상훈,1980-06-03,2008,"9,000"
1.561,한상훈,1980-06-03,2011,"7,000"
1.130,한상훈,1980-06-03,2012,"12,000"
1.849,한상훈,1980-06-03,2013,"11,000"
0.957,한상훈,1980-06-03,2014,"20,000"
-0.167,한상훈,1980-06-03,2015,"20,000"
-0.130,이해창,1987-05-11,2011,"2,400"
-0.061,이해창,1987-05-11,2015,"2,900"
-1.187,이해창,1987-05-11,2016,"2,900"
0.793,이해창,1987-05-11,2017,"4,500"
-0.134,이해창,1987-05-11,2018,"7,100"
0.664,이현곤,1980-02-21,2002,
0.703,이현곤,1980-02-21,2003,"2,500"
0.726,이현곤,1980-02-21,2004,"5,000"
0.846,이현곤,1980-02-21,2006,"5,000"
4.387,이현곤,1980-02-21,2007,"6,000"
0.951,이현곤,1980-02-21,2008,"12,000"
0.600,이현곤,1980-02-21,2009,"10,000"
0.162,이현곤,1980-02-21,2010,"13,000"
0.875,이현곤,1980-02-21,2011,"11,000"
-0.011,이현곤,1980-02-21,2012,"10,500"
0.273,이현곤,1980-02-21,2013,"15,000"
-0.158,이현곤,1980-02-21,2014,"15,000"
-0.028,이현동,1993-03-27,2017,"2,800"
0.057,이형종,1989-06-07,2010,"2,400"
-0.260,이형종,1989-06-07,2016,"2,700"
2.706,이형종,1989-06-07,2017,"6,000"
3.234,이형종,1989-06-07,2018,"10,500"
-0.078,조평호,1985-08-07,2006,"2,000"
-0.081,조평호,1985-08-07,2007,"2,000"
-0.213,조평호,1985-08-07,2008,"2,000"
-0.113,조평호,1985-08-07,2011,"2,000"
0.188,조평호,1985-08-07,2013,"3,400"
-0.048,조평호,1985-08-07,2014,"3,600"
0.109,조평호,1985-08-07,2015,"3,500"
-0.061,조평호,1985-08-07,2016,"3,500"
0.023,조평호,1985-08-07,2017,"3,500"
-0.285,이홍구,1990-12-11,2013,
0.768,이홍구,1990-12-11,2015,"7,000"
0.607,이홍구,1990-12-11,2016,"7,000"
0.228,이홍구,1990-12-11,2017,"7,000"
0.192,이흥련,1989-05-16,2014,"2,500"
0.163,이흥련,1989-05-16,2015,"7,500"
0.358,이흥련,1989-05-16,2016,"7,500"
-0.175,이흥련,1989-05-16,2018,"7,500"
0.008,이희근,1985-06-07,2008,
-0.090,이희근,1985-06-07,2009,"3,000"
-0.436,이희근,1985-06-07,2010,"3,000"
0.168,이희근,1985-06-07,2011,"3,500"
-0.041,이희근,1985-06-07,2014,"4,500"
-0.103,임병욱,1995-09-30,2015,"4,000"
0.764,임병욱,1995-09-30,2016,"4,000"
0.047,임병욱,1995-09-30,2017,"6,500"
2.133,임병욱,1995-09-30,2018,"5,000"
0.655,임재철,1976-04-08,1999,
-0.261,임재철,1976-04-08,2000,"2,700"
1.458,임재철,1976-04-08,2001,"2,300"
0.029,임재철,1976-04-08,2002,"2,300"
1.255,임재철,1976-04-08,2003,"2,300"
-0.736,임재철,1976-04-08,2004,"2,300"
1.872,임재철,1976-04-08,2005,"5,000"
1.183,임재철,1976-04-08,2006,"9,000"
1.804,임재철,1976-04-08,2009,"7,600"
1.615,임재철,1976-04-08,2010,"11,000"
0.944,임재철,1976-04-08,2011,"9,200"
0.131,임재철,1976-04-08,2012,"15,000"
0.910,임재철,1976-04-08,2013,"15,000"
-0.258,임재철,1976-04-08,2014,"15,000"
0.197,임재철,1976-04-08,2015,"15,000"
-0.066,임종혁,1990-04-07,2013,
0.010,임종혁,1990-04-07,2014,"2,500"
-0.039,임훈,1985-07-17,2004,
-0.246,임훈,1985-07-17,2010,
0.652,임훈,1985-07-17,2011,"5,000"
0.110,임훈,1985-07-17,2012,"8,500"
-0.402,임훈,1985-07-17,2013,"10,000"
1.727,임훈,1985-07-17,2014,"7,500"
0.019,임훈,1985-07-17,2015,"7,500"
-0.409,임훈,1985-07-17,2016,"13,000"
-0.251,임훈,1985-07-17,2017,"10,000"
-0.367,임훈,1985-07-17,2018,"7,000"
0.080,장민석,1982-05-09,2001,
-0.001,장민석,1982-05-09,2002,
0.024,장민석,1982-05-09,2003,
-0.107,장민석,1982-05-09,2008,
-0.108,장민석,1982-05-09,2009,
2.400,장민석,1982-05-09,2010,
0.078,장민석,1982-05-09,2011,
1.582,장민석,1982-05-09,2012,
-0.122,장민석,1982-05-09,2013,
-0.365,장민석,1982-05-09,2014,"12,500"
-0.127,장민석,1982-05-09,2015,"12,500"
-1.154,장민석,1982-05-09,2016,"10,000"
-0.326,장민석,1982-05-09,2017,"10,000"
0.387,장성우,1990-01-17,2009,"2,000"
-0.351,장성우,1990-01-17,2010,"3,300"
0.329,장성우,1990-01-17,2011,"4,300"
0.479,장성우,1990-01-17,2014,"5,500"
1.145,장성우,1990-01-17,2015,"5,500"
-0.003,장성우,1990-01-17,2017,"5,000"
0.491,장성우,1990-01-17,2018,"7,300"
-0.257,장성호,1977-10-18,1996,
0.317,장성호,1977-10-18,1997,"2,500"
3.709,장성호,1977-10-18,1998,"3,500"
5.633,장성호,1977-10-18,1999,"5,000"
4.657,장성호,1977-10-18,2000,"7,400"
5.161,장성호,1977-10-18,2001,"10,000"
6.025,장성호,1977-10-18,2002,"15,000"
5.585,장성호,1977-10-18,2003,"20,000"
4.241,장성호,1977-10-18,2004,"25,000"
3.374,장성호,1977-10-18,2005,"35,000"
4.952,장성호,1977-10-18,2006,"45,000"
2.944,장성호,1977-10-18,2007,"45,000"
2.792,장성호,1977-10-18,2008,"55,000"
1.543,장성호,1977-10-18,2009,"55,000"
0.060,장성호,1977-10-18,2010,"55,000"
1.412,장성호,1977-10-18,2011,"20,000"
2.502,장성호,1977-10-18,2012,"13,000"
0.708,장성호,1977-10-18,2013,"18,000"
0.021,장성호,1977-10-18,2014,"14,000"
0.333,장성호,1977-10-18,2015,"10,000"
0.091,장승현,1994-03-07,2018,"2,800"
-0.359,장시윤,1993-09-23,2015,"3,300"
-0.084,장시윤,1993-09-23,2016,"3,300"
-0.053,장시윤,1993-09-23,2018,"3,600"
-0.071,장영석,1990-05-14,2009,
0.166,장영석,1990-05-14,2010,
-0.330,장영석,1990-05-14,2011,"3,800"
-0.221,장영석,1990-05-14,2012,"3,300"
-0.104,장영석,1990-05-14,2015,"3,300"
-0.079,장영석,1990-05-14,2016,"3,300"
0.818,장영석,1990-05-14,2017,"3,600"
0.208,장영석,1990-05-14,2018,"6,000"
-0.437,장준원,1995-11-21,2015,"3,000"
-0.026,장준원,1995-11-21,2016,"3,000"
-0.127,장준원,1995-11-21,2017,"3,200"
-0.100,장진혁,1993-09-30,2018,"2,800"
0.047,전민재,1999-06-30,2018,"2,700"
1.117,전병우,1992-10-24,2018,"2,700"
-0.278,전준우,1986-02-25,2008,
0.081,전준우,1986-02-25,2009,"2,200"
3.137,전준우,1986-02-25,2010,"2,800"
5.426,전준우,1986-02-25,2011,"7,500"
2.990,전준우,1986-02-25,2012,"13,000"
3.308,전준우,1986-02-25,2013,"15,000"
1.728,전준우,1986-02-25,2014,"16,000"
-0.161,전준우,1986-02-25,2016,"20,500"
3.364,전준우,1986-02-25,2017,"20,500"
4.798,전준우,1986-02-25,2018,"27,000"
-0.025,전현태,1986-07-09,2005,
0.016,전현태,1986-07-09,2007,"2,300"
0.114,전현태,1986-07-09,2010,"2,500"
0.181,전현태,1986-07-09,2011,"3,200"
-0.044,전현태,1986-07-09,2012,"3,700"
0.059,전현태,1986-07-09,2013,"3,500"
-0.140,전현태,1986-07-09,2014,"3,700"
-0.051,전현태,1986-07-09,2015,"3,500"
-0.740,정경운,1993-08-09,2017,
-0.236,정경운,1993-08-09,2018,"3,300"
-0.501,정근우,1982-10-02,2005,
4.211,정근우,1982-10-02,2006,"2,400"
4.880,정근우,1982-10-02,2007,"6,000"
4.567,정근우,1982-10-02,2008,"11,000"
6.862,정근우,1982-10-02,2009,"17,000"
3.048,정근우,1982-10-02,2010,"24,000"
2.965,정근우,1982-10-02,2011,"31,000"
2.926,정근우,1982-10-02,2012,"31,000"
3.203,정근우,1982-10-02,2013,"55,000"
3.605,정근우,1982-10-02,2014,"70,000"
4.940,정근우,1982-10-02,2015,"70,000"
4.317,정근우,1982-10-02,2016,"70,000"
2.884,정근우,1982-10-02,2017,"70,000"
1.273,정근우,1982-10-02,2018,"70,000"
-0.019,정범모,1987-03-26,2006,
0.149,정범모,1987-03-26,2007,"2,200"
-0.005,정범모,1987-03-26,2008,"2,400"
-0.012,정범모,1987-03-26,2012,"2,600"
0.594,정범모,1987-03-26,2013,"4,100"
0.331,정범모,1987-03-26,2014,"5,300"
-1.392,정범모,1987-03-26,2015,"6,000"
-0.099,정범모,1987-03-26,2016,"6,000"
0.215,정범모,1987-03-26,2017,"5,500"
-0.480,정범모,1987-03-26,2018,"5,500"
-0.070,정병곤,1988-03-23,2011,
-0.331,정병곤,1988-03-23,2013,"2,700"
0.274,정병곤,1988-03-23,2017,"3,500"
-0.328,정병곤,1988-03-23,2018,"4,500"
-0.035,정보명,1980-08-23,2003,
0.009,정보명,1980-08-23,2006,"2,000"
2.386,정보명,1980-08-23,2007,"3,000"
0.554,정보명,1980-08-23,2008,"4,500"
0.584,정보명,1980-08-23,2009,"6,500"
0.247,정보명,1980-08-23,2010,"7,500"
-0.085,정보명,1980-08-23,2011,"6,000"
-0.277,정보명,1980-08-23,2012,"5,000"
-0.103,정보명,1980-08-23,2013,"4,800"
-0.008,정상교,1991-10-01,2011,
-0.021,정상교,1991-10-01,2012,"2,600"
0.275,정상호,1982-12-24,2001,
-0.236,정상호,1982-12-24,2002,"2,300"
0.028,정상호,1982-12-24,2003,"2,300"
0.265,정상호,1982-12-24,2007,"2,600"
0.803,정상호,1982-12-24,2008,"4,000"
2.282,정상호,1982-12-24,2009,"6,500"
1.020,정상호,1982-12-24,2010,"11,000"
2.403,정상호,1982-12-24,2011,"10,000"
0.667,정상호,1982-12-24,2012,"13,000"
1.852,정상호,1982-12-24,2013,"13,000"
0.837,정상호,1982-12-24,2014,"15,500"
1.298,정상호,1982-12-24,2015,"15,500"
-0.332,정상호,1982-12-24,2016,"50,000"
0.329,정상호,1982-12-24,2017,"50,000"
-0.047,정상호,1982-12-24,2018,"50,000"
1.555,정성훈,1980-06-27,1999,
-1.227,정성훈,1980-06-27,2000,"4,000"
0.643,정성훈,1980-06-27,2001,"4,700"
3.630,정성훈,1980-06-27,2002,"5,000"
3.851,정성훈,1980-06-27,2003,"7,500"
2.305,정성훈,1980-06-27,2004,"12,300"
3.418,정성훈,1980-06-27,2005,"15,000"
4.200,정성훈,1980-06-27,2006,"18,000"
4.148,정성훈,1980-06-27,2007,"22,000"
2.141,정성훈,1980-06-27,2008,"32,000"
3.387,정성훈,1980-06-27,2009,"35,000"
1.552,정성훈,1980-06-27,2010,"4,000"
3.506,정성훈,1980-06-27,2011,"35,000"
5.501,정성훈,1980-06-27,2012,"35,000"
4.657,정성훈,1980-06-27,2013,"50,000"
4.017,정성훈,1980-06-27,2014,"50,000"
1.470,정성훈,1980-06-27,2015,"50,000"
1.131,정성훈,1980-06-27,2016,"50,000"
1.258,정성훈,1980-06-27,2017,"30,000"
0.718,정성훈,1980-06-27,2018,"10,000"
1.109,정수빈,1990-10-07,2009,
1.487,정수빈,1990-10-07,2010,"4,000"
2.651,정수빈,1990-10-07,2011,"5,200"
0.661,정수빈,1990-10-07,2012,"9,000"
1.380,정수빈,1990-10-07,2013,"10,000"
3.647,정수빈,1990-10-07,2014,"13,700"
1.604,정수빈,1990-10-07,2015,"28,000"
0.541,정수빈,1990-10-07,2016,"28,000"
1.504,정수빈,1990-10-07,2018,"28,000"
-0.022,정수성,1978-03-04,1998,"1,500"
-0.062,정수성,1978-03-04,2000,"1,900"
0.174,정수성,1978-03-04,2001,"1,900"
-0.039,정수성,1978-03-04,2002,"2,300"
0.111,정수성,1978-03-04,2003,"2,500"
-0.019,정수성,1978-03-04,2004,"2,900"
2.083,정수성,1978-03-04,2005,"4,000"
-0.110,정수성,1978-03-04,2006,"7,000"
-0.009,정수성,1978-03-04,2007,"5,950"
0.188,정수성,1978-03-04,2008,"4,700"
-0.386,정수성,1978-03-04,2009,"6,000"
-0.074,정수성,1978-03-04,2010,"6,000"
0.635,정수성,1978-03-04,2012,"4,200"
-0.255,정수성,1978-03-04,2013,"6,000"
-0.021,정은원,2000-01-17,2018,"2,700"
0.339,정의윤,1986-07-25,2005,
0.971,정의윤,1986-07-25,2006,"3,200"
0.420,정의윤,1986-07-25,2007,"3,200"
-0.345,정의윤,1986-07-25,2008,"4,200"
-0.223,정의윤,1986-07-25,2011,"4,200"
0.980,정의윤,1986-07-25,2012,"5,000"
1.148,정의윤,1986-07-25,2013,"7,200"
-0.126,정의윤,1986-07-25,2014,"12,000"
1.693,정의윤,1986-07-25,2015,"12,000"
1.791,정의윤,1986-07-25,2016,"12,000"
1.302,정의윤,1986-07-25,2017,"30,000"
0.169,정의윤,1986-07-25,2018,"30,000"
-0.100,정주현,1990-10-13,2009,
-0.058,정주현,1990-10-13,2010,"2,400"
-0.010,정주현,1990-10-13,2011,"2,600"
-0.050,정주현,1990-10-13,2012,"2,800"
0.344,정주현,1990-10-13,2013,"3,200"
-1.182,정주현,1990-10-13,2016,"5,000"
-0.324,정주현,1990-10-13,2017,"6,000"
1.037,정주현,1990-10-13,2018,"5,000"
-0.019,정주후,1995-06-26,2016,"2,700"
-0.062,정주후,1995-06-26,2017,"2,900"
0.011,정진기,1992-10-10,2011,
-0.036,정진기,1992-10-10,2012,"2,400"
-0.114,정진기,1992-10-10,2013,"2,500"
0.015,정진기,1992-10-10,2017,"2,900"
-0.898,정진기,1992-10-10,2018,"6,200"
-0.332,정진호,1988-10-02,2011,
-0.045,정진호,1988-10-02,2012,"2,600"
-0.255,정진호,1988-10-02,2015,"5,200"
0.234,정진호,1988-10-02,2016,"5,200"
0.233,정진호,1988-10-02,2017,"4,700"
0.602,정진호,1988-10-02,2018,"8,500"
-0.066,정현,1994-06-01,2013,
-0.061,정현,1994-06-01,2014,"2,800"
1.782,정현,1994-06-01,2017,"2,800"
-0.584,정현,1994-06-01,2018,"7,800"
-0.112,정현석,1984-03-01,2008,
-0.288,정현석,1984-03-01,2009,"2,200"
0.193,정현석,1984-03-01,2010,"2,800"
2.116,정현석,1984-03-01,2013,"5,000"
-0.395,정현석,1984-03-01,2014,"8,000"
0.480,정현석,1984-03-01,2015,"9,500"
-0.241,정현석,1984-03-01,2016,"9,500"
-0.361,정현석,1984-03-01,2017,"7,500"
0.000,정형식,1991-01-28,2009,
-0.028,정형식,1991-01-28,2010,"2,600"
0.249,정형식,1991-01-28,2011,"2,900"
1.724,정형식,1991-01-28,2012,"4,000"
2.023,정형식,1991-01-28,2013,"6,000"
-0.606,정형식,1991-01-28,2014,"12,000"
-0.282,정훈,1987-07-18,2010,
0.399,정훈,1987-07-18,2011,"2,600"
-0.243,정훈,1987-07-18,2012,"3,000"
1.683,정훈,1987-07-18,2013,"4,200"
3.466,정훈,1987-07-18,2014,"8,000"
3.075,정훈,1987-07-18,2015,"21,000"
0.538,정훈,1987-07-18,2016,"21,000"
0.528,정훈,1987-07-18,2017,"15,000"
0.771,정훈,1987-07-18,2018,"10,000"
-0.064,조동화,1981-03-22,2001,
-0.023,조동화,1981-03-22,2002,"1,700"
-0.455,조동화,1981-03-22,2005,"2,000"
-0.216,조동화,1981-03-22,2006,"4,500"
1.220,조동화,1981-03-22,2007,"4,000"
1.132,조동화,1981-03-22,2008,"7,500"
-1.523,조동화,1981-03-22,2009,"10,500"
0.285,조동화,1981-03-22,2010,"9,000"
-0.040,조동화,1981-03-22,2011,"11,000"
-0.177,조동화,1981-03-22,2012,"11,000"
0.826,조동화,1981-03-22,2013,"9,000"
0.168,조동화,1981-03-22,2014,"12,000"
0.327,조동화,1981-03-22,2015,"30,000"
-0.537,조동화,1981-03-22,2016,"30,000"
0.288,조성환,1976-12-23,1999,
0.113,조성환,1976-12-23,2000,"2,200"
-0.034,조성환,1976-12-23,2001,"2,300"
0.060,조성환,1976-12-23,2002,"2,800"
3.651,조성환,1976-12-23,2003,"4,200"
0.304,조성환,1976-12-23,2004,"8,400"
5.821,조성환,1976-12-23,2008,"7,000"
1.794,조성환,1976-12-23,2009,"13,000"
4.329,조성환,1976-12-23,2010,"13,000"
0.997,조성환,1976-12-23,2011,"18,000"
1.656,조성환,1976-12-23,2012,"20,000"
0.179,조성환,1976-12-23,2013,"20,000"
-0.130,조성환,1976-12-23,2014,"20,000"
-0.215,조수행,1993-08-30,2016,"2,700"
0.491,조수행,1993-08-30,2017,"3,600"
-0.022,조수행,1993-08-30,2018,"4,500"
0.044,조영훈,1982-11-12,2005,
0.960,조영훈,1982-11-12,2006,"2,100"
-1.168,조영훈,1982-11-12,2007,"4,000"
0.648,조영훈,1982-11-12,2010,"3,800"
0.699,조영훈,1982-11-12,2011,"5,500"
-0.393,조영훈,1982-11-12,2012,"5,500"
1.452,조영훈,1982-11-12,2013,"7,500"
0.183,조영훈,1982-11-12,2014,"10,500"
0.711,조영훈,1982-11-12,2015,"11,000"
1.339,조영훈,1982-11-12,2016,"11,000"
-0.336,조영훈,1982-11-12,2017,"15,000"
-0.200,조윤준,1989-08-30,2012,
-0.084,조윤준,1989-08-30,2013,"3,200"
-0.091,조윤준,1989-08-30,2014,"3,500"
-0.204,조윤준,1989-08-30,2015,"3,000"
0.052,조윤준,1989-08-30,2016,"3,000"
-0.224,조윤준,1989-08-30,2017,"3,000"
0.522,조인성,1975-05-25,1998,
0.334,조인성,1975-05-25,1999,"3,000"
0.221,조인성,1975-05-25,2000,"4,000"
0.663,조인성,1975-05-25,2001,"5,700"
2.166,조인성,1975-05-25,2002,"5,500"
2.580,조인성,1975-05-25,2003,"10,000"
1.855,조인성,1975-05-25,2004,"15,000"
0.698,조인성,1975-05-25,2005,"14,000"
2.151,조인성,1975-05-25,2006,"13,000"
3.676,조인성,1975-05-25,2007,"25,000"
1.173,조인성,1975-05-25,2008,"40,000"
0.889,조인성,1975-05-25,2009,"40,000"
5.961,조인성,1975-05-25,2010,"40,000"
3.719,조인성,1975-05-25,2011,"50,000"
2.238,조인성,1975-05-25,2012,"40,000"
0.177,조인성,1975-05-25,2013,"40,000"
0.356,조인성,1975-05-25,2014,"40,000"
0.241,조인성,1975-05-25,2015,"40,000"
-1.508,조인성,1975-05-25,2016,"40,000"
-0.442,조인성,1975-05-25,2017,"40,000"
-0.284,조중근,1982-12-20,2003,"1,700"
0.104,조중근,1982-12-20,2004,"2,000"
0.810,조중근,1982-12-20,2005,"2,400"
-0.441,조중근,1982-12-20,2006,"4,100"
-0.116,조중근,1982-12-20,2007,"4,100"
0.139,조중근,1982-12-20,2008,"3,300"
-0.361,조중근,1982-12-20,2009,"3,700"
-0.249,조중근,1982-12-20,2010,"3,700"
0.872,조중근,1982-12-20,2011,"3,500"
-0.896,조중근,1982-12-20,2012,"4,300"
-0.014,조중근,1982-12-20,2013,"4,000"
0.082,조중근,1982-12-20,2015,"4,200"
0.231,조홍석,1990-02-23,2013,
-0.045,조홍석,1990-02-23,2014,"2,800"
-0.063,조홍석,1990-02-23,2015,"2,900"
0.060,조홍석,1990-02-23,2018,"2,800"
-0.133,주효상,1997-11-11,2016,"2,700"
-0.613,주효상,1997-11-11,2017,"3,000"
-0.172,주효상,1997-11-11,2018,"3,500"
0.111,지석훈,1984-03-17,2004,"2,000"
-0.395,지석훈,1984-03-17,2005,"2,200"
0.076,지석훈,1984-03-17,2006,"2,400"
-0.268,지석훈,1984-03-17,2007,"2,500"
-0.175,지석훈,1984-03-17,2008,"2,800"
0.195,지석훈,1984-03-17,2011,"2,700"
-0.097,지석훈,1984-03-17,2012,"3,000"
0.526,지석훈,1984-03-17,2013,"3,000"
1.408,지석훈,1984-03-17,2014,"6,000"
-0.292,지석훈,1984-03-17,2015,"14,000"
-0.942,지석훈,1984-03-17,2016,"14,000"
0.445,지석훈,1984-03-17,2017,"14,900"
-0.867,지석훈,1984-03-17,2018,"15,000"
-0.059,지성준,1994-04-10,2015,"2,700"
0.001,지성준,1994-04-10,2016,"2,700"
0.491,지성준,1994-04-10,2018,"2,800"
0.014,지재옥,1988-07-24,2012,
-0.128,지재옥,1988-07-24,2013,"2,600"
0.175,지재옥,1988-07-24,2016,"2,700"
-0.085,차일목,1981-01-26,2003,
0.010,차일목,1981-01-26,2005,"2,000"
0.078,차일목,1981-01-26,2006,"2,200"
-0.095,차일목,1981-01-26,2007,"3,000"
1.028,차일목,1981-01-26,2008,"3,000"
0.383,차일목,1981-01-26,2009,"6,000"
2.157,차일목,1981-01-26,2010,"7,500"
2.010,차일목,1981-01-26,2011,"8,500"
1.117,차일목,1981-01-26,2012,"12,000"
1.221,차일목,1981-01-26,2013,"10,000"
-0.452,차일목,1981-01-26,2014,"8,000"
-0.120,차일목,1981-01-26,2015,"8,000"
-0.773,차일목,1981-01-26,2016,"15,000"
0.028,차일목,1981-01-26,2017,"17,000"
-0.415,채상병,1979-12-18,2002,
-0.079,채상병,1979-12-18,2003,"1,800"
0.116,채상병,1979-12-18,2004,"2,200"
1.265,채상병,1979-12-18,2007,"2,200"
0.445,채상병,1979-12-18,2008,"4,600"
-0.401,채상병,1979-12-18,2009,"4,600"
0.394,채상병,1979-12-18,2010,"6,600"
-0.055,채상병,1979-12-18,2011,"7,100"
-0.138,채상병,1979-12-18,2012,"7,500"
0.787,채은성,1990-02-06,2014,"2,400"
0.124,채은성,1990-02-06,2015,"5,500"
1.799,채은성,1990-02-06,2016,"5,500"
-0.504,채은성,1990-02-06,2017,"16,000"
3.899,채은성,1990-02-06,2018,"11,000"
-0.157,채태인,1982-10-11,2007,
1.020,채태인,1982-10-11,2008,"5,500"
2.570,채태인,1982-10-11,2009,"7,000"
1.426,채태인,1982-10-11,2010,"11,500"
0.564,채태인,1982-10-11,2011,"13,000"
0.038,채태인,1982-10-11,2012,"11,000"
4.335,채태인,1982-10-11,2013,"5,000"
2.455,채태인,1982-10-11,2014,"21,000"
2.664,채태인,1982-10-11,2015,"21,000"
-0.104,채태인,1982-10-11,2016,"30,000"
1.684,채태인,1982-10-11,2017,"30,000"
0.438,채태인,1982-10-11,2018,"20,000"
2.329,초이스,1989-11-10,2017,
0.457,초이스,1989-11-10,2018,"60,000"
-0.047,최경철,1980-08-15,2004,"2,000"
0.027,최경철,1980-08-15,2005,"2,500"
-0.254,최경철,1980-08-15,2006,"3,700"
0.014,최경철,1980-08-15,2010,"3,700"
-0.096,최경철,1980-08-15,2011,"3,300"
0.006,최경철,1980-08-15,2012,"3,300"
0.104,최경철,1980-08-15,2013,"3,300"
-0.018,최경철,1980-08-15,2014,"5,000"
-0.078,최경철,1980-08-15,2015,"9,000"
-0.411,최경철,1980-08-15,2016,"9,000"
0.437,최경철,1980-08-15,2017,"10,000"
0.003,최동수,1971-09-11,1994,
-0.154,최동수,1971-09-11,1996,
0.543,최동수,1971-09-11,1997,"2,000"
-0.681,최동수,1971-09-11,1998,"3,000"
-0.148,최동수,1971-09-11,1999,"3,000"
0.117,최동수,1971-09-11,2000,"2,800"
0.694,최동수,1971-09-11,2001,"3,100"
-0.235,최동수,1971-09-11,2002,"4,000"
-0.017,최동수,1971-09-11,2003,"7,300"
0.532,최동수,1971-09-11,2004,"7,000"
1.580,최동수,1971-09-11,2005,"8,000"
-0.572,최동수,1971-09-11,2006,"9,000"
3.086,최동수,1971-09-11,2007,"7,500"
1.118,최동수,1971-09-11,2008,"12,000"
1.335,최동수,1971-09-11,2009,"15,000"
-0.528,최동수,1971-09-11,2010,"15,000"
0.324,최동수,1971-09-11,2011,"15,000"
0.457,최동수,1971-09-11,2012,"15,000"
-0.051,최동수,1971-09-11,2013,"15,000"
0.000,최민구,1992-03-17,2015,"2,900"
-0.580,최선호,1991-12-12,2015,"3,500"
-0.549,최선호,1991-12-12,2016,"3,500"
0.000,최승준,1988-01-11,2006,
0.020,최승준,1988-01-11,2007,"2,000"
-0.106,최승준,1988-01-11,2013,"2,400"
0.193,최승준,1988-01-11,2014,"2,700"
-0.703,최승준,1988-01-11,2015,"2,700"
0.624,최승준,1988-01-11,2016,"4,200"
-0.143,최승준,1988-01-11,2017,"6,200"
0.059,최승준,1988-01-11,2018,"5,600"
-0.171,최영진,1988-05-10,2012,
-0.126,최영진,1988-05-10,2013,"3,300"
-0.111,최영진,1988-05-10,2014,"3,500"
-0.025,최영진,1988-05-10,2015,"3,000"
0.111,최영진,1988-05-10,2017,"3,000"
0.334,최영진,1988-05-10,2018,"3,300"
-0.197,최원제,1989-02-04,2008,
0.501,최원제,1989-02-04,2009,"2,000"
0.033,최원제,1989-02-04,2012,"3,300"
-0.020,최원제,1989-02-04,2013,"3,300"
-0.068,최원제,1989-02-04,2017,"3,300"
0.025,최원제,1989-02-04,2018,"3,200"
0.226,최원준,1997-03-23,2016,"2,700"
0.586,최원준,1997-03-23,2017,"3,100"
-0.099,최원준,1997-03-23,2018,"7,500"
-0.777,최윤석,1987-03-28,2010,
1.066,최윤석,1987-03-28,2011,"3,200"
0.763,최윤석,1987-03-28,2012,"5,000"
0.079,최윤석,1987-03-28,2013,"6,000"
-0.423,최윤석,1987-03-28,2016,"5,700"
-0.343,최윤석,1987-03-28,2017,"5,200"
0.003,최윤석,1987-03-28,2018,"4,800"
0.000,최재훈,1989-08-27,2008,
0.134,최재훈,1989-08-27,2012,"2,500"
0.759,최재훈,1989-08-27,2013,"3,500"
0.022,최재훈,1989-08-27,2014,"5,000"
-0.709,최재훈,1989-08-27,2015,"6,800"
-0.082,최재훈,1989-08-27,2016,"6,800"
0.433,최재훈,1989-08-27,2017,"6,800"
0.836,최재훈,1989-08-27,2018,"8,000"
0.149,최정,1987-02-28,2005,
0.389,최정,1987-02-28,2006,"2,400"
3.149,최정,1987-02-28,2007,"3,400"
5.401,최정,1987-02-28,2008,"9,000"
3.304,최정,1987-02-28,2009,"15,000"
5.067,최정,1987-02-28,2010,"16,000"
5.758,최정,1987-02-28,2011,"22,000"
7.289,최정,1987-02-28,2012,"28,000"
7.112,최정,1987-02-28,2013,"52,000"
3.386,최정,1987-02-28,2014,"70,000"
3.955,최정,1987-02-28,2015,"100,000"
5.495,최정,1987-02-28,2016,"100,000"
6.680,최정,1987-02-28,2017,"120,000"
3.804,최정,1987-02-28,2018,"120,000"
-0.022,최정민,1989-06-02,2012,
-0.310,최정민,1989-06-02,2015,"3,000"
0.433,최정민,1989-06-02,2016,"3,000"
-0.018,최정민,1989-06-02,2017,"5,500"
-0.364,최정민,1989-06-02,2018,"5,500"
-0.066,최주환,1988-02-28,2006,
-0.068,최주환,1988-02-28,2007,"2,000"
0.144,최주환,1988-02-28,2008,"2,000"
-0.199,최주환,1988-02-28,2009,"2,200"
1.334,최주환,1988-02-28,2012,"2,500"
0.711,최주환,1988-02-28,2013,"5,000"
0.773,최주환,1988-02-28,2014,"5,800"
0.877,최주환,1988-02-28,2015,"11,000"
0.077,최주환,1988-02-28,2016,"11,000"
2.854,최주환,1988-02-28,2017,"10,000"
4.507,최주환,1988-02-28,2018,"20,000"
0.014,최준석,1983-02-15,2002,"1,700"
0.133,최준석,1983-02-15,2004,"1,800"
1.564,최준석,1983-02-15,2005,"2,000"
0.999,최준석,1983-02-15,2006,"2,000"
1.378,최준석,1983-02-15,2007,"5,500"
0.195,최준석,1983-02-15,2008,"8,000"
1.877,최준석,1983-02-15,2009,"6,200"
3.859,최준석,1983-02-15,2010,"10,500"
2.314,최준석,1983-02-15,2011,"16,200"
0.512,최준석,1983-02-15,2012,"17,000"
1.132,최준석,1983-02-15,2013,"14,500"
2.434,최준석,1983-02-15,2014,"40,000"
2.869,최준석,1983-02-15,2015,"40,000"
0.731,최준석,1983-02-15,2016,"40,000"
0.855,최준석,1983-02-15,2017,"40,000"
0.064,최준석,1983-02-15,2018,"5,500"
0.113,최진행,1985-08-17,2004,
0.005,최진행,1985-08-17,2005,"3,000"
-0.086,최진행,1985-08-17,2008,"2,700"
-0.003,최진행,1985-08-17,2009,"2,500"
3.110,최진행,1985-08-17,2010,"3,000"
3.349,최진행,1985-08-17,2011,"10,000"
3.445,최진행,1985-08-17,2012,"15,000"
2.757,최진행,1985-08-17,2013,"14,000"
0.120,최진행,1985-08-17,2014,"17,000"
2.457,최진행,1985-08-17,2015,"18,500"
0.242,최진행,1985-08-17,2016,"18,500"
1.809,최진행,1985-08-17,2017,"17,000"
-0.256,최진행,1985-08-17,2018,"19,000"
0.452,최항,1994-01-03,2017,
1.306,최항,1994-01-03,2018,"4,200"
0.088,최형우,1983-12-16,2002,
-0.041,최형우,1983-12-16,2004,"2,000"
3.517,최형우,1983-12-16,2008,"5,000"
2.974,최형우,1983-12-16,2009,"10,000"
4.274,최형우,1983-12-16,2010,"13,500"
7.636,최형우,1983-12-16,2011,"18,500"
3.205,최형우,1983-12-16,2012,"30,000"
4.911,최형우,1983-12-16,2013,"28,000"
5.334,최형우,1983-12-16,2014,"45,000"
4.863,최형우,1983-12-16,2015,"70,000"
7.959,최형우,1983-12-16,2016,"70,000"
6.674,최형우,1983-12-16,2017,"150,000"
4.367,최형우,1983-12-16,2018,"150,000"
-0.253,최훈락,1982-05-12,2005,
-0.141,최훈락,1982-05-12,2007,"2,200"
0.093,최훈락,1982-05-12,2010,"2,400"
-0.058,최훈락,1982-05-12,2011,"3,000"
0.199,최훈락,1982-05-12,2012,"3,200"
-0.192,최훈락,1982-05-12,2013,"3,800"
2.967,칸투,1982-01-30,2014,
6.141,테임즈,1986-11-10,2014,"25,000"
10.873,테임즈,1986-11-10,2015,"125,000"
5.677,테임즈,1986-11-10,2016,"125,000"
3.076,피에,1985-02-08,2014,
-0.402,하주석,1994-02-25,2012,
-0.202,하주석,1994-02-25,2013,"3,200"
0.262,하주석,1994-02-25,2015,"3,200"
-0.599,하주석,1994-02-25,2016,"3,200"
1.883,하주석,1994-02-25,2017,"9,000"
0.805,하주석,1994-02-25,2018,"12,000"
-0.021,하준호,1989-04-29,2009,"2,000"
-0.434,하준호,1989-04-29,2010,"2,600"
0.117,하준호,1989-04-29,2014,"2,400"
0.157,하준호,1989-04-29,2015,"2,400"
-0.442,하준호,1989-04-29,2016,"6,000"
-1.286,하준호,1989-04-29,2017,"5,200"
-0.220,하준호,1989-04-29,2018,"5,700"
-0.005,한동민,1989-08-09,2012,
1.844,한동민,1989-08-09,2013,"2,400"
0.391,한동민,1989-08-09,2014,"6,500"
0.046,한동민,1989-08-09,2016,"6,500"
3.998,한동민,1989-08-09,2017,"7,000"
4.480,한동민,1989-08-09,2018,"15,000"
-0.311,한동희,1999-06-01,2018,"2,700"
-0.468,한승택,1994-06-21,2013,
-0.258,한승택,1994-06-21,2016,"2,700"
-0.140,한승택,1994-06-21,2017,"3,100"
0.493,한승택,1994-06-21,2018,"7,500"
0.000,한윤섭,1985-09-12,2008,
-0.175,한윤섭,1985-09-12,2009,"2,100"
-0.013,한윤섭,1985-09-12,2010,"2,400"
-0.097,한윤섭,1985-09-12,2012,"2,400"
0.373,허경민,1990-08-26,2012,"2,500"
1.821,허경민,1990-08-26,2013,"4,100"
0.310,허경민,1990-08-26,2014,"8,000"
3.818,허경민,1990-08-26,2015,"20,000"
1.270,허경민,1990-08-26,2016,"20,000"
0.622,허경민,1990-08-26,2017,"30,000"
4.054,허경민,1990-08-26,2018,"26,500"
0.000,허도환,1984-07-31,2007,
-0.056,허도환,1984-07-31,2011,
0.229,허도환,1984-07-31,2012,"4,200"
0.600,허도환,1984-07-31,2013,"5,700"
0.026,허도환,1984-07-31,2014,"8,700"
-0.354,허도환,1984-07-31,2015,"7,500"
0.202,허도환,1984-07-31,2016,"7,500"
0.151,허도환,1984-07-31,2017,"7,800"
0.104,허도환,1984-07-31,2018,"6,800"
0.020,현재윤,1979-07-08,2002,
-0.283,현재윤,1979-07-08,2003,"2,400"
-0.018,현재윤,1979-07-08,2004,"3,000"
-0.003,현재윤,1979-07-08,2007,"3,000"
0.470,현재윤,1979-07-08,2008,"6,000"
0.544,현재윤,1979-07-08,2009,"7,500"
-0.073,현재윤,1979-07-08,2010,"10,250"
-0.080,현재윤,1979-07-08,2011,"9,000"
0.316,현재윤,1979-07-08,2013,"7,800"
0.284,현재윤,1979-07-08,2014,"7,800"
4.823,호잉,1989-05-18,2018,"40,000"
1.720,홍성흔,1977-02-28,1999,
2.963,홍성흔,1977-02-28,2000,"4,000"
1.720,홍성흔,1977-02-28,2001,"7,500"
4.179,홍성흔,1977-02-28,2002,"12,000"
1.652,홍성흔,1977-02-28,2003,"18,000"
6.174,홍성흔,1977-02-28,2004,"16,000"
2.684,홍성흔,1977-02-28,2005,"28,000"
3.655,홍성흔,1977-02-28,2006,"32,000"
1.871,홍성흔,1977-02-28,2007,"31,000"
2.379,홍성흔,1977-02-28,2008,"31,000"
4.190,홍성흔,1977-02-28,2009,"27,900"
5.154,홍성흔,1977-02-28,2010,"40,000"
2.129,홍성흔,1977-02-28,2011,"40,000"
2.713,홍성흔,1977-02-28,2012,"40,000"
2.600,홍성흔,1977-02-28,2013,"40,000"
3.315,홍성흔,1977-02-28,2014,"40,000"
0.095,홍성흔,1977-02-28,2015,"40,000"
-0.153,홍성흔,1977-02-28,2016,"40,000"
-0.239,홍재호,1987-05-10,2010,
0.058,홍재호,1987-05-10,2011,"2,600"
-0.043,홍재호,1987-05-10,2012,"3,100"
-0.209,홍재호,1987-05-10,2013,"3,600"
-0.140,홍재호,1987-05-10,2016,"3,400"
0.001,홍재호,1987-05-10,2017,"3,700"
-0.134,홍재호,1987-05-10,2018,"3,500"
-0.116,홍창기,1993-11-21,2016,"2,700"
0.045,홍창기,1993-11-21,2018,"2,700"
-0.144,황목치승,1985-06-21,2014,"2,400"
-0.420,황목치승,1985-06-21,2015,"4,000"
-0.073,황목치승,1985-06-21,2016,"4,000"
-0.355,황목치승,1985-06-21,2017,"5,000"
0.010,황선일,1987-02-17,2006,
-0.345,황선일,1987-02-17,2007,"2,000"
-0.010,황선일,1987-02-17,2010,"2,000"
-0.010,황선일,1987-02-17,2011,"2,700"
-0.107,황선일,1987-02-17,2012,"2,800"
-0.196,황선일,1987-02-17,2015,"2,800"
-0.020,황윤호,1993-09-22,2015,"2,700"
-0.141,황윤호,1993-09-22,2016,"2,700"
-0.124,황윤호,1993-09-22,2017,"3,000"
-0.486,황윤호,1993-09-22,2018,"3,100"
0.854,황재균,1987-07-28,2007,"2,000"
0.144,황재균,1987-07-28,2008,"2,800"
3.497,황재균,1987-07-28,2009,"4,000"
0.728,황재균,1987-07-28,2010,"4,000"
3.764,황재균,1987-07-28,2011,"10,000"
2.614,황재균,1987-07-28,2012,"15,000"
3.037,황재균,1987-07-28,2013,"18,000"
3.943,황재균,1987-07-28,2014,"19,000"
4.692,황재균,1987-07-28,2015,"50,000"
6.073,황재균,1987-07-28,2016,"50,000"
3.217,황재균,1987-07-28,2018,"120,000"
-0.140,황정립,1989-12-14,2012,
0.271,황정립,1989-12-14,2013,"2,800"
-0.117,황진수,1989-02-15,2012,"2,400"
0.000,황진수,1989-02-15,2013,"2,700"
-0.104,황진수,1989-02-15,2014,"2,500"
-0.040,황진수,1989-02-15,2015,"2,800"
-0.293,황진수,1989-02-15,2016,"2,800"
0.863,황진수,1989-02-15,2017,"2,800"
-0.180,황진수,1989-02-15,2018,"6,200"
